{"_runtime":687.565068678,"_wandb":{"runtime":687},"_step":99,"epoch":99,"train_loss":0.4717196960353918,"val_loss":0.05848221909392965,"_timestamp":1.7275905566001563e+09}