{"_wandb":{"runtime":717},"epoch":99,"train_loss":0.45887001118376913,"val_loss":0.057854458843041565,"_timestamp":1.7276698295312114e+09,"_runtime":717.336434796,"_step":99}