{"_runtime":631.997509636,"_step":99,"_wandb":{"runtime":631},"epoch":99,"train_loss":0.7186116878686412,"val_loss":0.06307188535249061,"_timestamp":1.7273362706669753e+09}