{"_step":99,"epoch":99,"_wandb":{"runtime":684},"train_loss":0.4548047679322535,"val_loss":0.06813907108363525,"_timestamp":1.7275731145598743e+09,"_runtime":684.0615323}