{"_runtime":3317.702132309,"_step":99,"epoch":99,"train_loss":0.8164642771074132,"val_loss":0.056582952149924794,"_wandb":{"runtime":3317},"_timestamp":1.7285023139632971e+09}