{"train_loss":60.3418387173977,"val_loss":9.744796329445544,"_timestamp":1.727570955428984e+09,"_runtime":8.799460252,"_wandb":{"runtime":13},"_step":0,"epoch":0}