{"epoch":99,"train_loss":1.1219525235140269,"val_loss":0.06520974269126878,"_timestamp":1.7282592625047927e+09,"_wandb":{"runtime":15851},"_runtime":15851.013641297,"_step":99}