{"train_loss":0.7354892333742923,"val_loss":0.06524072578570486,"_timestamp":1.7273286777078044e+09,"_runtime":628.319549247,"_step":99,"_wandb":{"runtime":628},"epoch":99}