{"_timestamp":1.727359676194324e+09,"_runtime":621.242436172,"_step":99,"epoch":99,"_wandb":{"runtime":621},"train_loss":0.5355453940135936,"val_loss":0.05305741762637159}