{"val_loss":0.054384337538840255,"_timestamp":1.7284476762200086e+09,"_runtime":3480.213246466,"_step":99,"_wandb":{"runtime":3480},"epoch":99,"train_loss":0.7189410195148996}