{"epoch":99,"train_loss":1.3626732956832863,"val_loss":0.07225200209559779,"_timestamp":1.7283544383843827e+09,"_runtime":15656.307369877,"_step":99,"_wandb":{"runtime":15656}}