{"_wandb":{"runtime":707},"epoch":99,"train_loss":0.4620952457457403,"val_loss":0.056438001743994014,"_timestamp":1.7276727883613157e+09,"_runtime":707.22532171,"_step":99}