{"_timestamp":1.7276223831587906e+09,"_wandb":{"runtime":835},"_runtime":835.875672717,"_step":99,"epoch":99,"train_loss":0.45260369218493135,"val_loss":0.06031681033808601}