{"_step":99,"_wandb":{"runtime":708},"epoch":99,"train_loss":0.4748151087466163,"val_loss":0.07141884466621427,"_timestamp":1.7275821033559792e+09,"_runtime":708.806427314}