{"_wandb":{"runtime":695},"_runtime":695.07944701,"_step":99,"epoch":99,"train_loss":0.4490904123492984,"val_loss":0.06134700407605063,"_timestamp":1.7276452118343613e+09}