{"_runtime":16007.041368033,"_step":99,"_wandb":{"runtime":16007},"epoch":99,"train_loss":1.5482042471721187,"val_loss":0.08280508632878666,"_timestamp":1.7283872901132963e+09}