{"val_loss":0.07286904395960146,"_timestamp":1.7275979564340458e+09,"_runtime":687.423313399,"_step":99,"_wandb":{"runtime":687},"epoch":99,"train_loss":0.46323485148160864}