{"_timestamp":1.7276735152197514e+09,"_runtime":718.525416018,"_step":99,"_wandb":{"runtime":718},"epoch":99,"train_loss":0.452360776993788,"val_loss":0.06492858785167965}