{"_wandb":{"runtime":628},"train_loss":0.8960218481262235,"val_loss":0.06407399119216735,"_timestamp":1.7272750409225209e+09,"_runtime":628.348127051,"_step":99,"epoch":99}