{"val_loss":0.05514944044620464,"_wandb":{"runtime":621},"_timestamp":1.7273540084956403e+09,"_runtime":621.289966506,"_step":99,"epoch":99,"train_loss":0.5779261614811293}