{"train_loss":0.5812510473460867,"val_loss":0.05676355905188875,"_timestamp":1.727385151391879e+09,"_runtime":620.809958679,"_step":99,"epoch":99,"_wandb":{"runtime":620}}