{"_timestamp":1.7273723531762505e+09,"_runtime":624.924137896,"_step":99,"_wandb":{"runtime":624},"epoch":99,"train_loss":1.5828144943261526,"val_loss":0.08362811357781762}