{"_step":99,"epoch":99,"train_loss":0.47653738499358583,"val_loss":0.05460524812246422,"_wandb":{"runtime":693},"_timestamp":1.7276038277568333e+09,"_runtime":693.595224013}