{"val_loss":0.05791888232595112,"_timestamp":1.7274192049848688e+09,"_runtime":625.748714955,"_step":99,"_wandb":{"runtime":625},"epoch":99,"train_loss":0.6205352680025145}