{"_timestamp":1.7276584992240052e+09,"_runtime":1084.800626723,"_step":99,"epoch":99,"_wandb":{"runtime":1084},"train_loss":0.6182375008762675,"val_loss":0.05783367059046108}