{"val_loss":0.05572262100475584,"_timestamp":1.727585938756487e+09,"_wandb":{"runtime":706},"_runtime":706.129461767,"_step":99,"epoch":99,"train_loss":0.4573183783564528}