{"epoch":99,"train_loss":0.8669442931121897,"val_loss":0.05796332405990593,"_timestamp":1.7283532505187116e+09,"_runtime":15868.507980403,"_step":99,"_wandb":{"runtime":15868}}