{"_step":99,"epoch":99,"train_loss":0.4518525887485779,"val_loss":0.06479781835057018,"_timestamp":1.727623792122141e+09,"_runtime":704.373957228,"_wandb":{"runtime":704}}