{"val_loss":0.06629139967952646,"_timestamp":1.7276416490010383e+09,"_runtime":702.78146951,"_step":99,"_wandb":{"runtime":702},"epoch":99,"train_loss":0.44547767689008444}