{"train_loss":0.5607010258982116,"_wandb":{"runtime":623},"val_loss":0.05503757088656687,"_timestamp":1.7273773930802143e+09,"_runtime":623.342507329,"_step":99,"epoch":99}