{"_wandb":{"runtime":630},"epoch":99,"train_loss":1.1174096407537146,"val_loss":0.06639148513687687,"_timestamp":1.7272769448719103e+09,"_runtime":630.49989673,"_step":99}