{"_step":99,"epoch":99,"train_loss":0.451885945236851,"val_loss":0.06012873380092274,"_timestamp":1.7276561028793144e+09,"_wandb":{"runtime":789},"_runtime":789.3233325}