{"val_loss":0.055014632547477,"_timestamp":1.7276156955347924e+09,"_runtime":689.31948499,"_step":99,"epoch":99,"train_loss":0.4656259302680375,"_wandb":{"runtime":689}}