{"_step":99,"epoch":99,"_wandb":{"runtime":686},"train_loss":0.4563808209262438,"val_loss":0.057164887526953784,"_timestamp":1.7276402190396583e+09,"_runtime":686.624020893}