{"epoch":99,"_wandb":{"runtime":687},"train_loss":0.6120097809098021,"val_loss":0.053176292788842255,"_timestamp":1.7275604197847588e+09,"_runtime":687.801370455,"_step":99}