{"train_loss":0.6118769263134688,"val_loss":0.053950020916240585,"_timestamp":1.7276337985859485e+09,"_runtime":704.584484542,"_step":99,"epoch":99,"_wandb":{"runtime":704}}