{"epoch":99,"train_loss":0.8675274196490672,"val_loss":0.0633467517397811,"_timestamp":1.727372983874302e+09,"_runtime":620.178441527,"_step":99,"_wandb":{"runtime":620}}