{"train_loss":0.5056016744450862,"val_loss":0.05308448757644248,"_timestamp":1.727352752593011e+09,"_runtime":620.037160154,"_step":99,"_wandb":{"runtime":620},"epoch":99}