{"_step":99,"epoch":99,"train_loss":0.4720319723732889,"val_loss":0.07398160660827333,"_timestamp":1.7274448220523505e+09,"_runtime":644.215119702,"_wandb":{"runtime":644}}