{"_runtime":620.215839755,"_wandb":{"runtime":620},"_step":99,"epoch":99,"train_loss":1.5062144850357566,"val_loss":0.07911115408048575,"_timestamp":1.7272978051954994e+09}