{"_step":99,"_wandb":{"runtime":15741},"epoch":99,"train_loss":1.0184269593115274,"val_loss":0.06597595103519976,"_timestamp":1.7282118464667776e+09,"_runtime":15741.015634424}