{"train_loss":0.5133268470900962,"val_loss":0.05291828787202659,"_wandb":{"runtime":690},"_timestamp":1.72768268511695e+09,"_runtime":690.607618666,"_step":99,"epoch":99}