{"val_loss":0.05814566760701491,"_timestamp":1.727436147692294e+09,"_runtime":827.954603417,"_step":99,"epoch":99,"_wandb":{"runtime":827},"train_loss":0.6446126185078792}