{"val_loss":0.06492513051643406,"_timestamp":1.727631480421317e+09,"_runtime":704.506468001,"_step":99,"_wandb":{"runtime":704},"epoch":99,"train_loss":0.7013442436735055}