{"_runtime":9.390099413,"_wandb":{"runtime":13},"_step":0,"epoch":0,"train_loss":28.156064201207816,"val_loss":21.769644757168372,"_timestamp":1.7275542224611657e+09}