{"_wandb":{"runtime":15860},"val_loss":0.05382890938099632,"_timestamp":1.7281483243365188e+09,"_runtime":15860.835152207,"_step":99,"epoch":99,"train_loss":0.7256256878668855}