{"_step":99,"epoch":99,"_wandb":{"runtime":710},"train_loss":0.4527134262047504,"val_loss":0.06112808610968212,"_timestamp":1.727553382277856e+09,"_runtime":710.248441182}