{"val_loss":0.05603017620019694,"_timestamp":1.727284552949958e+09,"_runtime":622.439712093,"_step":99,"epoch":99,"_wandb":{"runtime":622},"train_loss":0.6757459043168639}