{"_timestamp":1.728146821508248e+09,"_runtime":14713.041374777,"_wandb":{"runtime":14713},"_step":99,"epoch":99,"train_loss":0.5954485223033369,"val_loss":0.054751339277561296}