{"train_loss":1.5509400529475585,"val_loss":0.0817615875841792,"_wandb":{"runtime":633},"_timestamp":1.7273400707340508e+09,"_runtime":633.612606536,"_step":99,"epoch":99}