{"_runtime":14.601012933,"_step":1,"_wandb":{"runtime":14},"epoch":1,"train_loss":0.47242922502918044,"val_loss":0.017405708216956556,"_timestamp":1.7272598574571996e+09}