{"_wandb":{"runtime":626},"_timestamp":1.7272813951980915e+09,"_runtime":626.375930914,"_step":99,"epoch":99,"train_loss":0.5054265263315627,"val_loss":0.05348579926208578}