{"epoch":99,"train_loss":0.4643542828660304,"val_loss":0.05377388806609798,"_timestamp":1.7276120330354092e+09,"_runtime":711.530695135,"_wandb":{"runtime":711},"_step":99}