{"train_loss":0.4659646833813688,"val_loss":0.07481390202628505,"_timestamp":1.727683533440762e+09,"_runtime":697.727468272,"_step":99,"epoch":99,"_wandb":{"runtime":697}}