{"_step":99,"epoch":99,"train_loss":0.876662537525896,"val_loss":0.05937891967631022,"_wandb":{"runtime":15768},"_timestamp":1.7282751164547317e+09,"_runtime":15768.866729891}