{"_step":99,"epoch":99,"train_loss":0.7373617960663916,"val_loss":0.060624097878059516,"_timestamp":1.7276681931637087e+09,"_wandb":{"runtime":713},"_runtime":713.856996971}