{"_wandb":{"runtime":16},"_timestamp":1.7276706474547584e+09,"_runtime":8.845047035,"_step":0,"epoch":0,"train_loss":20.664909714213145,"val_loss":0.2267356852170128}