{"val_loss":831.2008828480862,"_timestamp":1.7275995267037182e+09,"_runtime":8.803119284,"_wandb":{"runtime":15},"_step":0,"epoch":0,"train_loss":92.91237312623359}