{"_step":99,"epoch":99,"train_loss":0.5298180576898016,"val_loss":0.05385248608199719,"_timestamp":1.7276293028163497e+09,"_runtime":700.294151616,"_wandb":{"runtime":700}}