{"_wandb":{"runtime":621},"epoch":99,"train_loss":0.86475434774754,"val_loss":0.06353114251412166,"_timestamp":1.7274147711020784e+09,"_runtime":621.553796339,"_step":99}