{"epoch":99,"train_loss":0.6749631786209138,"val_loss":0.05560062863036133,"_wandb":{"runtime":3336},"_timestamp":1.7285488978469949e+09,"_runtime":3336.314518934,"_step":99}