{"train_loss":0.5798996581779573,"val_loss":0.056077084136712065,"_timestamp":1.7272902425155282e+09,"_wandb":{"runtime":623},"_runtime":623.66439051,"_step":99,"epoch":99}