{"_wandb":{"runtime":692},"_runtime":692.457491625,"_step":99,"epoch":99,"train_loss":0.5024210379332333,"val_loss":0.05715717318578714,"_timestamp":1.727594999244732e+09}