{"train_loss":0.5229891762326808,"val_loss":0.05334280933633255,"_timestamp":1.7273647680382512e+09,"_runtime":634.795830788,"_step":99,"_wandb":{"runtime":634},"epoch":99}