{"epoch":99,"train_loss":0.46650470251966686,"_wandb":{"runtime":708},"val_loss":0.060542089922201045,"_timestamp":1.7276756606146119e+09,"_runtime":708.428724006,"_step":99}