{"_wandb":{"runtime":17},"val_loss":0.08278142358387744,"_timestamp":1.7281318803692474e+09,"_runtime":16.008134033,"_step":1,"epoch":1,"train_loss":1.5976474974024009}