{"_timestamp":1.728148410954251e+09,"_wandb":{"runtime":15995},"_runtime":15995.772580492,"_step":99,"epoch":99,"train_loss":0.5968687599370274,"val_loss":0.0535338483751749}