{"_timestamp":1.7275665020496795e+09,"_runtime":9.183819952,"_step":0,"_wandb":{"runtime":13},"epoch":0,"train_loss":17.543455315473494,"val_loss":36.690618778949286}