{"_step":99,"epoch":99,"train_loss":0.4542286784487442,"val_loss":0.05542258631412772,"_timestamp":1.727652436960583e+09,"_runtime":696.48388043,"_wandb":{"runtime":696}}