{"_timestamp":1.728369140673625e+09,"_wandb":{"runtime":15873},"_runtime":15873.870890196,"_step":99,"epoch":99,"train_loss":0.7700553590803308,"val_loss":0.0547708675750113}