{"train_loss":0.46114321893360266,"_wandb":{"runtime":1106},"val_loss":0.06704194270680014,"_timestamp":1.727621539983653e+09,"_runtime":1106.312530733,"_step":99,"epoch":99}