{"val_loss":0.06134928944000002,"_timestamp":1.7276093135688217e+09,"_runtime":694.910620141,"_step":99,"epoch":99,"train_loss":0.45305473393879925,"_wandb":{"runtime":694}}