{"val_loss":0.05972323208365832,"_timestamp":1.727685697320469e+09,"_wandb":{"runtime":713},"_runtime":713.182529804,"_step":99,"epoch":99,"train_loss":0.4549529121898713}