{"train_loss":0.9431055536747963,"val_loss":0.06301619740776561,"_wandb":{"runtime":3330},"_timestamp":1.7285289077141209e+09,"_runtime":3330.74853345,"_step":99,"epoch":99}