{"val_loss":0.0670766862920939,"_timestamp":1.7275809109640045e+09,"_runtime":701.859438686,"_step":99,"_wandb":{"runtime":701},"epoch":99,"train_loss":0.47055255064066254}