{"val_loss":73.18936438364537,"_timestamp":1.727609121700284e+09,"_runtime":8.867384852,"_step":0,"_wandb":{"runtime":12},"epoch":0,"train_loss":81.0279073361894}