{"_timestamp":1.7275738899762554e+09,"_runtime":702.454317846,"_step":99,"_wandb":{"runtime":702},"epoch":99,"train_loss":0.5598485503775712,"val_loss":0.05990730111951112}