{"_wandb":{"runtime":921},"_runtime":921.174830414,"_step":99,"epoch":99,"train_loss":0.45269723553235414,"val_loss":0.06313857946289161,"_timestamp":1.7274425542735977e+09}