{"_timestamp":1.7274090383650193e+09,"_runtime":624.015583769,"_step":99,"epoch":99,"_wandb":{"runtime":624},"train_loss":0.5425517540946923,"val_loss":0.054597767033371256}