{"_wandb":{"runtime":623},"val_loss":0.05922125340672557,"_timestamp":1.7274046010454319e+09,"_runtime":623.388414718,"_step":99,"epoch":99,"train_loss":0.671663083318026}