{"epoch":99,"train_loss":0.45679074960785726,"val_loss":0.07259204913978587,"_timestamp":1.7276467124918802e+09,"_runtime":700.810375482,"_step":99,"_wandb":{"runtime":700}}