{"_step":0,"epoch":0,"train_loss":37.3544207825034,"val_loss":1031.341083132411,"_timestamp":1.7276778135229104e+09,"_wandb":{"runtime":16},"_runtime":9.03272883}