{"train_loss":0.5169656996920599,"val_loss":0.055839315004717005,"_timestamp":1.7273901248195763e+09,"_runtime":812.122706005,"_wandb":{"runtime":812},"_step":99,"epoch":99}