{"_wandb":{"runtime":13},"_step":0,"epoch":0,"train_loss":74.99085092245215,"val_loss":35.12217685953687,"_timestamp":1.7275747300726306e+09,"_runtime":9.321260176}