{"train_loss":0.7358796963503217,"val_loss":0.06009163027293987,"_wandb":{"runtime":1008},"_timestamp":1.7276596005402064e+09,"_runtime":1008.58356921,"_step":99,"epoch":99}