{"_runtime":9.723135266,"_step":0,"_wandb":{"runtime":13},"epoch":0,"train_loss":19.116259611823775,"val_loss":1174.6986938911036,"_timestamp":1.7275519718167162e+09}