{"_runtime":698.142329625,"_step":99,"_wandb":{"runtime":698},"epoch":99,"train_loss":0.5655109813227207,"val_loss":0.053209401202327186,"_timestamp":1.727579253933959e+09}