{"epoch":99,"train_loss":0.5202553167820997,"val_loss":0.051805114471778,"_timestamp":1.7273508604320476e+09,"_wandb":{"runtime":621},"_runtime":620.998044731,"_step":99}