{"_runtime":1137.084603024,"_step":99,"epoch":99,"train_loss":0.4544137303014058,"val_loss":0.06390588485488152,"_timestamp":1.727657249269935e+09,"_wandb":{"runtime":1137}}