{"_step":99,"epoch":99,"train_loss":0.6840834871506424,"val_loss":0.05596660948182131,"_wandb":{"runtime":703},"_timestamp":1.7275596269658055e+09,"_runtime":703.557104548}