{"_wandb":{"runtime":691},"epoch":99,"train_loss":0.6056140347013171,"val_loss":0.058293228196042886,"_timestamp":1.7276171653542292e+09,"_runtime":691.426537705,"_step":99}