{"epoch":99,"_wandb":{"runtime":1095},"train_loss":0.46914990212250546,"val_loss":0.07268779259363382,"_timestamp":1.7276583556630332e+09,"_runtime":1095.288214411,"_step":99}