{"epoch":99,"train_loss":0.4587711239923243,"val_loss":0.06001034395294566,"_timestamp":1.727450071449773e+09,"_runtime":644.565587077,"_step":99,"_wandb":{"runtime":644}}