{"val_loss":0.01734275856107853,"_timestamp":1.727259641551229e+09,"_runtime":14.594049553,"_step":1,"_wandb":{"runtime":14},"epoch":1,"train_loss":0.4663888821885091}