{"_step":99,"_wandb":{"runtime":701},"epoch":99,"train_loss":0.5943548005382298,"val_loss":0.05626704875633231,"_timestamp":1.7276083783893583e+09,"_runtime":701.360995251}