{"val_loss":0.05537867920100319,"_timestamp":1.7285389030663319e+09,"_runtime":3321.179914831,"_step":99,"epoch":99,"train_loss":0.721993068977341,"_wandb":{"runtime":3321}}