{"epoch":99,"train_loss":0.6490123240328677,"val_loss":0.05632012194216389,"_timestamp":1.727278223415618e+09,"_wandb":{"runtime":625},"_runtime":625.938871751,"_step":99}