{"val_loss":0.060260034409416435,"_timestamp":1.7276163946706073e+09,"_wandb":{"runtime":692},"_runtime":692.335043694,"_step":99,"epoch":99,"train_loss":0.45612245700098547}