{"_timestamp":1.7276471832231555e+09,"_runtime":815.914467843,"_step":99,"epoch":99,"train_loss":0.590303791432388,"val_loss":0.0563655384882322,"_wandb":{"runtime":815}}