{"_step":99,"epoch":99,"train_loss":0.4562761250332164,"val_loss":0.05577327045219024,"_timestamp":1.7276477162108912e+09,"_wandb":{"runtime":968},"_runtime":968.333845614}