{"epoch":99,"train_loss":0.6063455617476813,"val_loss":0.05673971044211716,"_timestamp":1.7276127772891238e+09,"_runtime":694.044700001,"_step":99,"_wandb":{"runtime":694}}