{"train_loss":0.7307045578788129,"val_loss":0.06103568739134603,"_wandb":{"runtime":633},"_timestamp":1.7274058772925034e+09,"_runtime":633.554670043,"_step":99,"epoch":99}