{"train_loss":0.4555053114555067,"val_loss":0.06408171917944772,"_timestamp":1.7276593740420868e+09,"_runtime":1008.617309444,"_step":99,"_wandb":{"runtime":1008},"epoch":99}