{"epoch":99,"train_loss":0.45368378727129094,"val_loss":0.061017447871399025,"_timestamp":1.7276071891830735e+09,"_runtime":702.772100231,"_step":99,"_wandb":{"runtime":702}}