{"_timestamp":1.7275679462795842e+09,"_runtime":698.226740825,"_step":99,"_wandb":{"runtime":698},"epoch":99,"train_loss":0.6227440709327351,"val_loss":0.05923469965161419}