{"train_loss":0.4857259611914754,"val_loss":0.05319575551346338,"_wandb":{"runtime":695},"_timestamp":1.7276076188286731e+09,"_runtime":695.636925998,"_step":99,"epoch":99}