{"epoch":1,"train_loss":2.034393994089605,"val_loss":96.8747283700766,"_timestamp":1.727563566648683e+09,"_wandb":{"runtime":21},"_runtime":15.249327775,"_step":1}