{"_step":0,"_wandb":{"runtime":12},"epoch":0,"train_loss":52.20904464436607,"val_loss":3.168810754067067,"_timestamp":1.727628566141949e+09,"_runtime":8.977967374}