{"train_loss":0.5129829017040747,"_wandb":{"runtime":628},"val_loss":0.055298936935106624,"_timestamp":1.7274173000256317e+09,"_runtime":628.386026106,"_step":99,"epoch":99}