{"_runtime":623.066957523,"_step":99,"epoch":99,"_wandb":{"runtime":623},"train_loss":0.9386108905566622,"val_loss":0.06649821439002537,"_timestamp":1.7273820020013247e+09}