{"val_loss":0.056802162382706266,"_timestamp":1.7276456306658983e+09,"_runtime":710.677426829,"_step":99,"_wandb":{"runtime":710},"epoch":99,"train_loss":0.5241764957523568}