{"epoch":99,"train_loss":0.60663798225702,"val_loss":0.05582306537329064,"_timestamp":1.727567207823017e+09,"_runtime":694.531025832,"_step":99,"_wandb":{"runtime":694}}