{"_runtime":15990.183040735,"_step":99,"epoch":99,"train_loss":1.5022786044945435,"_wandb":{"runtime":15990},"val_loss":0.07924182883255644,"_timestamp":1.7282119771513987e+09}