{"train_loss":86.89745027667375,"val_loss":11.223469043614818,"_timestamp":1.7275725401688688e+09,"_runtime":8.947300765,"_wandb":{"runtime":12},"_step":0,"epoch":0}