{"_timestamp":1.7273451695206153e+09,"_runtime":623.121447561,"_step":99,"_wandb":{"runtime":623},"epoch":99,"train_loss":0.5477619366936937,"val_loss":0.05290952514078302}