{"epoch":99,"train_loss":0.6202084590215208,"val_loss":0.05791123747095387,"_timestamp":1.727611289635316e+09,"_runtime":697.625319394,"_step":99,"_wandb":{"runtime":697}}