{"val_loss":0.05232791951617363,"_timestamp":1.727261092705791e+09,"_wandb":{"runtime":628},"_runtime":628.392308004,"_step":99,"epoch":99,"train_loss":0.5432833000408037}