{"val_loss":0.054506350011355544,"_timestamp":1.728397979725548e+09,"_runtime":11705.36469736,"_step":99,"_wandb":{"runtime":11705},"epoch":99,"train_loss":0.7057531667474998}