{"_step":4,"epoch":4,"_wandb":{"runtime":43},"train_loss":1.8841150933462496,"val_loss":0.08855558173764204,"_timestamp":1.7275739471457205e+09,"_runtime":36.732918019}