{"_timestamp":1.727627835139326e+09,"_runtime":707.691975636,"_step":99,"epoch":99,"train_loss":0.6904449494639727,"_wandb":{"runtime":707},"val_loss":0.05923921098070073}