{"_timestamp":1.7272889799272594e+09,"_runtime":623.504158954,"_step":99,"epoch":99,"_wandb":{"runtime":623},"train_loss":0.6718396343004798,"val_loss":0.05737694835421435}