{"_runtime":620.575857845,"_step":99,"epoch":99,"train_loss":0.5592456084662784,"val_loss":0.054789073927815526,"_timestamp":1.7273533796694143e+09,"_wandb":{"runtime":620}}