{"_timestamp":1.7276002477779121e+09,"_runtime":706.634466781,"_wandb":{"runtime":706},"_step":99,"epoch":99,"train_loss":0.487871996344373,"val_loss":0.053263797686929154}