{"epoch":99,"train_loss":1.5590352890258277,"val_loss":0.08162160556757728,"_timestamp":1.727341344588922e+09,"_runtime":631.503810497,"_step":99,"_wandb":{"runtime":631}}