{"train_loss":0.46477522795861864,"val_loss":0.05507630397952624,"_timestamp":1.727674944771846e+09,"_runtime":711.810733843,"_wandb":{"runtime":711},"_step":99,"epoch":99}