{"_wandb":{"runtime":680},"epoch":99,"train_loss":0.45354179239900233,"val_loss":0.05764787524433114,"_timestamp":1.727558310404937e+09,"_runtime":680.26082437,"_step":99}