{"_timestamp":1.7276220043457093e+09,"_runtime":1030.717106338,"_step":99,"_wandb":{"runtime":1030},"epoch":99,"train_loss":0.47158454860775273,"val_loss":0.0690743460639802}