{"_step":99,"epoch":99,"train_loss":0.4706644510642664,"val_loss":0.06780880111528773,"_timestamp":1.7276510144473455e+09,"_runtime":694.224286935,"_wandb":{"runtime":694}}