{"train_loss":1.5935328664121489,"val_loss":0.08465634178813997,"_timestamp":1.7273857825435927e+09,"_runtime":623.700854265,"_step":99,"_wandb":{"runtime":623},"epoch":99}