{"_timestamp":1.727407144945375e+09,"_runtime":625.453010217,"_wandb":{"runtime":625},"_step":99,"epoch":99,"train_loss":0.651130204421713,"val_loss":0.05977248149450208}