{"_wandb":{"runtime":622},"_runtime":622.291931197,"_step":99,"epoch":99,"train_loss":0.5767135837596129,"val_loss":0.056023350682522094,"_timestamp":1.7273666676289144e+09}