{"_timestamp":1.7285455544976223e+09,"_runtime":3320.237533488,"_step":99,"epoch":99,"train_loss":0.7853127944557654,"val_loss":0.05518538892435053,"_wandb":{"runtime":3320}}