{"_step":99,"epoch":99,"train_loss":0.4564485990323385,"val_loss":0.057835525554515495,"_timestamp":1.7275703232825782e+09,"_wandb":{"runtime":705},"_runtime":705.21292609}