{"_runtime":715.685489413,"_step":99,"_wandb":{"runtime":715},"epoch":99,"train_loss":0.47707735848823984,"val_loss":0.0800312945789763,"_timestamp":1.7276841484331224e+09}