{"train_loss":0.667625831663341,"val_loss":0.06259497018263238,"_timestamp":1.7276374500756373e+09,"_runtime":693.261966907,"_wandb":{"runtime":693},"_step":99,"epoch":99}