{"epoch":99,"train_loss":0.6136164582304073,"_wandb":{"runtime":3332},"val_loss":0.05477607265194624,"_timestamp":1.72848897854002e+09,"_runtime":3332.489514395,"_step":99}