{"train_loss":0.6922246676796154,"val_loss":0.055039751066717046,"_timestamp":1.7282595573926325e+09,"_runtime":15834.782991894,"_wandb":{"runtime":15834},"_step":99,"epoch":99}