{"train_loss":0.5563114983703176,"_wandb":{"runtime":626},"val_loss":0.05514288585820826,"_timestamp":1.7273349989451356e+09,"_runtime":626.198555111,"_step":99,"epoch":99}