{"_wandb":{"runtime":690},"epoch":99,"train_loss":0.45215046884753224,"val_loss":0.05880335697135727,"_timestamp":1.7276763579837909e+09,"_runtime":690.082723232,"_step":99}