{"train_loss":76.46318230029033,"val_loss":2.730634956647498e+06,"_timestamp":1.7275747057826135e+09,"_wandb":{"runtime":23},"_runtime":16.017383283,"_step":1,"epoch":1}