{"epoch":99,"train_loss":0.47524413045211095,"val_loss":0.06818373211921033,"_timestamp":1.7276300745798967e+09,"_wandb":{"runtime":710},"_runtime":710.629820265,"_step":99}