{"_step":99,"epoch":99,"train_loss":0.45438234149609497,"val_loss":0.05483408878030885,"_timestamp":1.7276777968950925e+09,"_wandb":{"runtime":714},"_runtime":714.210571788}