{"train_loss":0.7891260159196555,"val_loss":0.061117839938604666,"_timestamp":1.7273925893204353e+09,"_wandb":{"runtime":817},"_runtime":817.653873065,"_step":99,"epoch":99}