{"epoch":99,"train_loss":0.46937632991478384,"val_loss":0.05505535871354993,"_timestamp":1.727545546043189e+09,"_runtime":709.937560459,"_step":99,"_wandb":{"runtime":709}}