{"_runtime":712.523864407,"_step":99,"_wandb":{"runtime":712},"epoch":99,"train_loss":0.6300825326112337,"val_loss":0.055241998617178247,"_timestamp":1.7276651070106277e+09}