{"train_loss":0.5667154199914829,"val_loss":0.05661758583528868,"_timestamp":1.7274153997387679e+09,"_runtime":621.253722076,"_step":99,"_wandb":{"runtime":621},"epoch":99}