{"_step":99,"epoch":99,"train_loss":1.0192255610119298,"val_loss":0.06628226962220006,"_timestamp":1.7284301907225845e+09,"_wandb":{"runtime":3483},"_runtime":3483.812291357}