{"val_loss":0.05285558838714739,"_timestamp":1.727389304115299e+09,"_wandb":{"runtime":815},"_runtime":815.590926908,"_step":99,"epoch":99,"train_loss":0.502356593645917}