{"_wandb":{"runtime":15860},"epoch":99,"train_loss":0.6220595992084174,"val_loss":0.053285039841748046,"_timestamp":1.7283715029885323e+09,"_runtime":15860.024296093,"_step":99}