{"val_loss":0.05742733016579578,"_timestamp":1.727583778019378e+09,"_runtime":707.10116312,"_step":99,"_wandb":{"runtime":707},"epoch":99,"train_loss":0.4501105322969475}