{"_timestamp":1.727673444378429e+09,"_runtime":715.579250017,"_step":99,"epoch":99,"train_loss":0.5122706952366546,"val_loss":0.055796190402314844,"_wandb":{"runtime":715}}