{"epoch":99,"train_loss":0.8470227119799179,"_wandb":{"runtime":623},"val_loss":0.061222450979248104,"_timestamp":1.7273229849059715e+09,"_runtime":623.432616264,"_step":99}