{"_runtime":714.394189684,"_step":99,"epoch":99,"train_loss":0.4614108519290546,"val_loss":0.05621898780564602,"_timestamp":1.727645978096497e+09,"_wandb":{"runtime":714}}