{"val_loss":0.05723168262779034,"_timestamp":1.7276235431487591e+09,"_runtime":697.890429477,"_wandb":{"runtime":697},"_step":99,"epoch":99,"train_loss":0.5091078665390557}