{"train_loss":0.6063835248725234,"_wandb":{"runtime":624},"val_loss":0.05788279695615341,"_timestamp":1.7273223542670472e+09,"_runtime":624.602472742,"_step":99,"epoch":99}