{"_runtime":623.524016999,"_wandb":{"runtime":623},"_step":99,"epoch":99,"train_loss":0.7646438609275412,"val_loss":0.06546691976102487,"_timestamp":1.7273546393392968e+09}