{"val_loss":0.05864590794003404,"_timestamp":1.7275483873365686e+09,"_runtime":696.152195916,"_step":99,"epoch":99,"_wandb":{"runtime":696},"train_loss":0.4536749711751365}