{"_step":99,"_wandb":{"runtime":695},"epoch":99,"train_loss":0.45284275951736275,"val_loss":0.05378698689404213,"_timestamp":1.727565386489273e+09,"_runtime":695.251472214}