{"_wandb":{"runtime":711},"_timestamp":1.7276178969086225e+09,"_runtime":711.721692128,"_step":99,"epoch":99,"train_loss":0.5116286424353668,"val_loss":0.05288428011562997}