{"_step":1,"epoch":1,"train_loss":1.4729397391681356,"val_loss":0.08547444518017618,"_timestamp":1.727437959388876e+09,"_runtime":17.913204194,"_wandb":{"runtime":21}}