{"_wandb":{"runtime":15842},"_step":99,"epoch":99,"train_loss":0.738173072394323,"val_loss":0.05480160262496455,"_timestamp":1.7281483362323217e+09,"_runtime":15842.9414536}