{"_wandb":{"runtime":704},"_step":99,"epoch":99,"train_loss":0.6024907266350198,"val_loss":0.05529874377312884,"_timestamp":1.7276530664204352e+09,"_runtime":704.096173462}