{"_runtime":15.38946582,"_step":1,"epoch":1,"train_loss":65.75754126515217,"val_loss":128.58733520330128,"_timestamp":1.7276338206601708e+09,"_wandb":{"runtime":19}}