{"_runtime":703.692863686,"_step":99,"epoch":99,"_wandb":{"runtime":703},"train_loss":0.6375698752965129,"val_loss":0.0580367507830434,"_timestamp":1.727588291915762e+09}