{"_timestamp":1.7276245224672737e+09,"_runtime":8.890213317,"_wandb":{"runtime":12},"_step":0,"epoch":0,"train_loss":17.491701303918294,"val_loss":0.09122944224920085}