{"train_loss":0.4591141980181951,"val_loss":0.07002362529687568,"_timestamp":1.7276359472314043e+09,"_runtime":699.746814165,"_wandb":{"runtime":699},"_step":99,"epoch":99}