{"epoch":0,"_wandb":{"runtime":15},"train_loss":55.908785675774034,"val_loss":2.6792179035565282,"_timestamp":1.7276149608133745e+09,"_runtime":8.971886634,"_step":0}