{"val_loss":0.05976303606510284,"_timestamp":1.7273845238016007e+09,"_runtime":625.465136355,"_step":99,"epoch":99,"train_loss":0.7089906410943614,"_wandb":{"runtime":625}}