{"_wandb":{"runtime":623},"_runtime":623.51353352,"_step":99,"epoch":99,"train_loss":1.3087357847876144,"val_loss":0.0706177574139272,"_timestamp":1.7274267978393943e+09}