{"train_loss":1.575296774598875,"val_loss":0.08497069487994688,"_timestamp":1.7285655108144522e+09,"_runtime":3318.766447681,"_step":99,"_wandb":{"runtime":3318},"epoch":99}