{"_wandb":{"runtime":52},"epoch":4,"train_loss":1.3835710626017994,"val_loss":0.06899280467020792,"_timestamp":1.7274352601265652e+09,"_runtime":46.467300712,"_step":4}