{"val_loss":0.06470263976453627,"_timestamp":1.7276849132461703e+09,"_runtime":715.127659078,"_step":99,"epoch":99,"_wandb":{"runtime":715},"train_loss":0.6096499637938747}