{"val_loss":0.8083516080926143,"_timestamp":1.7275620675598574e+09,"_runtime":16.929243246,"_step":1,"epoch":1,"train_loss":54.28203117540867,"_wandb":{"runtime":21}}