{"_runtime":702.315731832,"_step":99,"_wandb":{"runtime":702},"epoch":99,"train_loss":2.6517970433446765,"val_loss":0.09046544202528947,"_timestamp":1.7275557427898486e+09}