{"val_loss":0.05101944974456804,"_timestamp":1.7276793862777824e+09,"_wandb":{"runtime":708},"_runtime":708.978201077,"_step":99,"epoch":99,"train_loss":0.51104857715692}