{"_timestamp":1.7276288186115777e+09,"_runtime":30.63977718,"_step":3,"epoch":3,"_wandb":{"runtime":38},"train_loss":1.0244975388091757,"val_loss":0.1361028679217282}