{"val_loss":0.054171603880545316,"_timestamp":1.7275725041439805e+09,"_runtime":694.389145589,"_step":99,"_wandb":{"runtime":694},"epoch":99,"train_loss":0.6211688864998799}