{"train_loss":2.7962852751618437,"val_loss":NaN,"_timestamp":1.7274361843726945e+09,"_runtime":26.778185411,"_step":2,"_wandb":{"runtime":31},"epoch":2}