{"_wandb":{"runtime":680},"_timestamp":1.7275689068034427e+09,"_runtime":680.371777548,"_step":99,"epoch":99,"train_loss":0.4557633574237928,"val_loss":0.06621308707271323}