{"_runtime":702.150983524,"_step":99,"epoch":99,"train_loss":0.6092762635270131,"_wandb":{"runtime":702},"val_loss":0.054189172279948544,"_timestamp":1.7275497070714364e+09}