{"train_loss":1.4584193542057193,"val_loss":0.07431662569471173,"_timestamp":1.7274122125513563e+09,"_runtime":630.072198155,"_wandb":{"runtime":630},"_step":99,"epoch":99}