{"_step":99,"epoch":99,"train_loss":0.625886110235565,"val_loss":0.05505204577026563,"_wandb":{"runtime":3311},"_timestamp":1.7285588648412383e+09,"_runtime":3311.216943682}