{"train_loss":0.455366598846774,"val_loss":0.05355972445145776,"_wandb":{"runtime":689},"_timestamp":1.7275724230943115e+09,"_runtime":689.12359509,"_step":99,"epoch":99}