{"_wandb":{"runtime":706},"_runtime":706.897253279,"_step":99,"epoch":99,"train_loss":0.6237679096071347,"val_loss":0.052551449333078655,"_timestamp":1.727548957997175e+09}