{"train_loss":2.5610947771760264,"val_loss":0.09646543535471741,"_timestamp":1.7275596906051564e+09,"_runtime":42.991828984,"_step":5,"epoch":5,"_wandb":{"runtime":49}}