{"val_loss":0.054968278672395565,"_timestamp":1.7273577877942152e+09,"_runtime":622.885043689,"_step":99,"_wandb":{"runtime":622},"epoch":99,"train_loss":0.6025645079128511}