{"val_loss":0.0592529990608323,"_timestamp":1.7276561597424858e+09,"_runtime":816.176266423,"_step":99,"epoch":99,"train_loss":0.4706385737473644,"_wandb":{"runtime":816}}