{"_runtime":629.326373525,"_wandb":{"runtime":629},"_step":99,"epoch":99,"train_loss":0.8372715057326507,"val_loss":0.06292677602185935,"_timestamp":1.7273654072726233e+09}