{"_step":99,"epoch":99,"_wandb":{"runtime":704},"train_loss":0.4562572779301906,"val_loss":0.057435680654157426,"_timestamp":1.7276100257890644e+09,"_runtime":704.81383745}