{"val_loss":0.07798896738837086,"_timestamp":1.72766408125492e+09,"_runtime":705.015660396,"_step":99,"_wandb":{"runtime":705},"epoch":99,"train_loss":0.4690307104909434}