{"epoch":99,"train_loss":0.5427924880128895,"val_loss":0.057118449897400704,"_wandb":{"runtime":708},"_timestamp":1.7275843714584064e+09,"_runtime":708.125585395,"_step":99}