{"_runtime":44.309073289,"_step":5,"epoch":5,"_wandb":{"runtime":48},"train_loss":41.430494555282486,"val_loss":15.397365893435035,"_timestamp":1.7276849650845299e+09}