{"_wandb":{"runtime":3502},"_step":99,"epoch":99,"train_loss":1.590889494266392,"val_loss":0.08599665373179984,"_timestamp":1.7284407090701027e+09,"_runtime":3502.829863638}