{"epoch":99,"train_loss":0.4521196311668856,"_wandb":{"runtime":703},"val_loss":0.0597069752056109,"_timestamp":1.7275965634711409e+09,"_runtime":703.704434422,"_step":99}