{"_timestamp":1.7275569048279026e+09,"_runtime":689.95207165,"_wandb":{"runtime":689},"_step":99,"epoch":99,"train_loss":0.4536774853881619,"val_loss":0.05782290401604809}