{"_runtime":701.488357091,"_step":99,"_wandb":{"runtime":701},"epoch":99,"train_loss":0.46366878030025765,"val_loss":0.06932308338355817,"_timestamp":1.727640939450097e+09}