{"val_loss":0.06108243618487465,"_timestamp":1.7275498082265732e+09,"_runtime":702.620863906,"_step":99,"_wandb":{"runtime":702},"epoch":99,"train_loss":0.4554151628090687}