{"_runtime":16025.381898158,"_step":99,"epoch":99,"train_loss":0.8791795873380905,"_wandb":{"runtime":16025},"val_loss":0.060997697977863474,"_timestamp":1.72827559929678e+09}