{"_timestamp":1.7275778054923205e+09,"_runtime":706.236334943,"_step":99,"_wandb":{"runtime":706},"epoch":99,"train_loss":2.651797025526553,"val_loss":0.09046544202539525}