{"val_loss":0.058504221765478946,"_timestamp":1.7275604210904634e+09,"_runtime":692.680973109,"_step":99,"_wandb":{"runtime":692},"epoch":99,"train_loss":0.4550420815313149}