{"_wandb":{"runtime":12},"_runtime":8.911785125,"_step":0,"epoch":0,"train_loss":57.64980513969954,"val_loss":4.23370832900342,"_timestamp":1.7276538077817326e+09}