{"_runtime":705.40750714,"_step":99,"_wandb":{"runtime":705},"epoch":99,"train_loss":0.6138808627466424,"val_loss":0.05640955749118029,"_timestamp":1.7276068884801095e+09}