{"epoch":99,"train_loss":0.45938974082104667,"val_loss":0.05842580887880888,"_timestamp":1.7276107417866614e+09,"_runtime":708.406044739,"_step":99,"_wandb":{"runtime":708}}