{"train_loss":0.4671285234104082,"val_loss":0.07222906365078255,"_timestamp":1.7276015236433287e+09,"_runtime":698.843085989,"_step":99,"_wandb":{"runtime":698},"epoch":99}