{"epoch":99,"train_loss":0.4694731851536934,"val_loss":0.07323723478766286,"_timestamp":1.7276259345660994e+09,"_runtime":698.506856476,"_step":99,"_wandb":{"runtime":698}}