{"val_loss":0.055003639081690536,"_timestamp":1.7273995567030437e+09,"_runtime":619.928679098,"_step":99,"epoch":99,"train_loss":0.5196193187285443,"_wandb":{"runtime":619}}