{"_runtime":3490.292070247,"_step":99,"_wandb":{"runtime":3490},"epoch":99,"train_loss":0.8639612206628081,"val_loss":0.05993028668349937,"_timestamp":1.7284232041354952e+09}