{"train_loss":1.086825697356455,"val_loss":0.066188250636975,"_timestamp":1.728227854183299e+09,"_wandb":{"runtime":15861},"_runtime":15861.632534605,"_step":99,"epoch":99}