{"train_loss":0.6816482204049169,"val_loss":0.05416389941442605,"_timestamp":1.7283387745855188e+09,"_wandb":{"runtime":15825},"_runtime":15825.87071445,"_step":99,"epoch":99}