{"_runtime":619.649274191,"_step":99,"epoch":99,"train_loss":1.363000938919848,"val_loss":0.07201731821907517,"_wandb":{"runtime":619},"_timestamp":1.727393910045027e+09}