{"_runtime":721.509551013,"_step":99,"_wandb":{"runtime":721},"epoch":99,"train_loss":0.4694424951176682,"val_loss":0.054303757462610375,"_timestamp":1.7276614021956964e+09}