{"_wandb":{"runtime":623},"_step":99,"epoch":99,"train_loss":0.6879863751790153,"val_loss":0.05797385020535681,"_timestamp":1.727346438828053e+09,"_runtime":623.585652123}