{"_timestamp":1.7284581494209354e+09,"_runtime":3483.864325577,"_step":99,"_wandb":{"runtime":3483},"epoch":99,"train_loss":0.8667504954927326,"val_loss":0.055954396794764584}