{"_step":99,"_wandb":{"runtime":701},"epoch":99,"train_loss":0.5975375708648646,"val_loss":0.05723714685230823,"_timestamp":1.7276771170252595e+09,"_runtime":701.732954419}