{"train_loss":0.46214576622666853,"val_loss":0.0696810247923054,"_timestamp":1.7276430819068701e+09,"_runtime":690.098592081,"_step":99,"_wandb":{"runtime":690},"epoch":99}