{"val_loss":0.07753443777545836,"_wandb":{"runtime":15970},"_timestamp":1.7282273450555723e+09,"_runtime":15970.705254285,"_step":99,"epoch":99,"train_loss":1.4303014837095702}