{"_timestamp":1.7274230050269969e+09,"_runtime":624.98587455,"_step":99,"_wandb":{"runtime":624},"epoch":99,"train_loss":0.7115261609773773,"val_loss":0.06216859972271241}