{"val_loss":84.27589071726098,"_timestamp":1.7275646797354953e+09,"_runtime":37.529577765,"_step":4,"_wandb":{"runtime":41},"epoch":4,"train_loss":41.88561881954165}