{"val_loss":0.0858239165657571,"_timestamp":1.7284989888185732e+09,"_wandb":{"runtime":3323},"_runtime":3323.882595777,"_step":99,"epoch":99,"train_loss":1.5884052157749566}