{"_timestamp":1.7276857723040392e+09,"_runtime":710.865558377,"_step":99,"epoch":99,"_wandb":{"runtime":710},"train_loss":0.4764045783058254,"val_loss":0.05288868718492603}