{"train_loss":0.8207158741239801,"_wandb":{"runtime":625},"val_loss":0.06177064209128326,"_timestamp":1.727314133189011e+09,"_runtime":625.265784549,"_step":99,"epoch":99}