{"val_loss":0.0560510630409329,"_timestamp":1.7275799693027074e+09,"_runtime":707.891040769,"_step":99,"_wandb":{"runtime":707},"epoch":99,"train_loss":0.6594956386131786}