{"epoch":99,"train_loss":1.1768506469738271,"val_loss":0.06800679526597336,"_timestamp":1.7272883491160364e+09,"_runtime":633.412572373,"_step":99,"_wandb":{"runtime":633}}