{"_step":99,"_wandb":{"runtime":15874},"epoch":99,"train_loss":0.6877143240201596,"val_loss":0.05567155589355281,"_timestamp":1.7281943384475267e+09,"_runtime":15874.94398858}