{"_timestamp":1.7272990629239717e+09,"_runtime":622.596300184,"_step":99,"epoch":99,"_wandb":{"runtime":622},"train_loss":0.6728329972006708,"val_loss":0.057958947455898295}