{"_runtime":715.367209271,"_wandb":{"runtime":715},"_step":99,"epoch":99,"train_loss":0.5654920451573983,"val_loss":0.05360101806930735,"_timestamp":1.7275957774828205e+09}