{"_runtime":14.744479906,"_step":1,"epoch":1,"train_loss":0.47705397093526847,"_wandb":{"runtime":14},"val_loss":0.017512069500527062,"_timestamp":1.7272599129023383e+09}