{"_wandb":{"runtime":706},"train_loss":0.4639913378008617,"val_loss":0.05373788600090286,"_timestamp":1.727624505252629e+09,"_runtime":706.429527345,"_step":99,"epoch":99}