{"val_loss":0.05591210994436485,"_timestamp":1.72726430960067e+09,"_runtime":623.408664649,"_step":99,"_wandb":{"runtime":623},"epoch":99,"train_loss":0.6414559014312466}