{"val_loss":0.05345824286565153,"_timestamp":1.7274249077478573e+09,"_runtime":623.941134877,"_wandb":{"runtime":623},"_step":99,"epoch":99,"train_loss":0.5294615379682569}