{"_wandb":{"runtime":19},"train_loss":6.5215115290458,"val_loss":26.87267863943211,"_timestamp":1.7276293399117963e+09,"_runtime":16.199970155,"_step":1,"epoch":1}