{"train_loss":0.6216030798837112,"_wandb":{"runtime":618},"val_loss":0.05340343420905534,"_timestamp":1.7273066035314922e+09,"_runtime":618.276065792,"_step":99,"epoch":99}