{"_timestamp":1.7275746824602263e+09,"_wandb":{"runtime":705},"_runtime":705.992818969,"_step":99,"epoch":99,"train_loss":0.45314646489682797,"val_loss":0.05570606903203397}