{"train_loss":0.6199736588650258,"val_loss":0.05392098329223074,"_timestamp":1.7282739788676171e+09,"_runtime":15996.509899336,"_step":99,"_wandb":{"runtime":15996},"epoch":99}