{"train_loss":1.693092864616468,"val_loss":3.874983159047071,"_timestamp":1.7276186559332533e+09,"_runtime":16.051191401,"_step":1,"_wandb":{"runtime":23},"epoch":1}