{"_runtime":704.425726731,"_step":99,"_wandb":{"runtime":704},"epoch":99,"train_loss":0.4841888777407703,"val_loss":0.07126523550166382,"_timestamp":1.7275964896059642e+09}