{"epoch":99,"train_loss":1.0162143265974068,"val_loss":0.06518949978046021,"_timestamp":1.7273293078311787e+09,"_runtime":622.061583626,"_wandb":{"runtime":622},"_step":99}