{"_wandb":{"runtime":808},"epoch":99,"train_loss":1.5493260666137088,"val_loss":0.0809544320331638,"_timestamp":1.7273807437715929e+09,"_runtime":808.718691598,"_step":99}