{"_wandb":{"runtime":3311},"epoch":99,"train_loss":0.7502386126538163,"val_loss":0.05482766898598217,"_timestamp":1.7285122842046363e+09,"_runtime":3310.972486514,"_step":99}