{"_timestamp":1.7274185716991615e+09,"_runtime":631.241571188,"_step":99,"_wandb":{"runtime":631},"epoch":99,"train_loss":0.529456950191249,"val_loss":0.05279937381653939}