{"_runtime":705.841922011,"_step":99,"epoch":99,"train_loss":0.7237098396691827,"val_loss":0.06340932785490863,"_wandb":{"runtime":705},"_timestamp":1.727624257829058e+09}