{"epoch":99,"train_loss":0.644206496138496,"val_loss":0.05742882061221778,"_timestamp":1.727674943453074e+09,"_runtime":711.444945779,"_step":99,"_wandb":{"runtime":711}}