{"_step":99,"epoch":99,"train_loss":0.46855188425384997,"val_loss":0.06489903972733051,"_timestamp":1.7275866494232473e+09,"_runtime":702.916153207,"_wandb":{"runtime":702}}