{"val_loss":0.08379800050764505,"_timestamp":1.7275619322015462e+09,"_runtime":690.657687875,"_step":99,"_wandb":{"runtime":690},"epoch":99,"train_loss":0.4845459111513592}