{"_step":99,"epoch":99,"_wandb":{"runtime":15887},"train_loss":0.5749977546608783,"val_loss":0.05253042563769826,"_timestamp":1.72818008692941e+09,"_runtime":15887.026404724}