{"epoch":99,"train_loss":0.8542291025633045,"_wandb":{"runtime":15776},"val_loss":0.05747800720000273,"_timestamp":1.7282593349633112e+09,"_runtime":15776.099495196,"_step":99}