{"epoch":99,"train_loss":0.45027668470477084,"val_loss":0.06539810099574501,"_wandb":{"runtime":645},"_timestamp":1.7274474545574062e+09,"_runtime":645.26707771,"_step":99}