{"train_loss":0.4609513526090824,"val_loss":0.05572764852041382,"_timestamp":1.7276545718238373e+09,"_runtime":703.576588285,"_step":99,"_wandb":{"runtime":703},"epoch":99}