{"_wandb":{"runtime":620},"_runtime":620.830618753,"_step":99,"epoch":99,"train_loss":0.5255444633422315,"val_loss":0.05380282419329127,"_timestamp":1.7273813718137882e+09}