{"_timestamp":1.7282896901137614e+09,"_runtime":15694.274904462,"_step":99,"_wandb":{"runtime":15694},"epoch":99,"train_loss":0.663617233780615,"val_loss":0.05546095068731771}