{"_step":99,"_wandb":{"runtime":702},"epoch":99,"train_loss":0.6321903840554697,"val_loss":0.05508339694578026,"_timestamp":1.7275627816443362e+09,"_runtime":702.665097356}