{"val_loss":32528.580105524128,"_timestamp":1.727604700012368e+09,"_runtime":9.383438093,"_step":0,"epoch":0,"train_loss":95.32981619618809,"_wandb":{"runtime":13}}