{"_timestamp":1.7281802407091742e+09,"_runtime":15876.090304301,"_step":99,"_wandb":{"runtime":15876},"epoch":99,"train_loss":0.6192747818294166,"val_loss":0.05406035156754138}