{"_step":99,"epoch":99,"_wandb":{"runtime":700},"train_loss":0.45730958127177784,"val_loss":0.06087141810233765,"_timestamp":1.727672073587407e+09,"_runtime":700.316193881}