{"_timestamp":1.7275664717778225e+09,"_runtime":685.361867334,"_step":99,"epoch":99,"train_loss":0.5959002550735731,"val_loss":0.05256130003153401,"_wandb":{"runtime":685}}