{"val_loss":0.06281175854527682,"_timestamp":1.7273445393105488e+09,"_wandb":{"runtime":621},"_runtime":621.50765066,"_step":99,"epoch":99,"train_loss":0.7645734983285173}