{"epoch":99,"train_loss":0.8782840800306038,"val_loss":0.05839938252404546,"_timestamp":1.7281641724062643e+09,"_runtime":15832.901705913,"_wandb":{"runtime":15832},"_step":99}