{"val_loss":0.062400399936389926,"_timestamp":1.727603636253708e+09,"_runtime":702.014499109,"_step":99,"_wandb":{"runtime":702},"epoch":99,"train_loss":0.4500396303175042}