{"_runtime":703.195204848,"_step":99,"epoch":99,"train_loss":0.450685399453001,"val_loss":0.06778880805609322,"_timestamp":1.7275490981246202e+09,"_wandb":{"runtime":703}}