{"_wandb":{"runtime":622},"epoch":99,"train_loss":0.738266525125107,"val_loss":0.06104517650439494,"_timestamp":1.7273717212854528e+09,"_runtime":622.736235551,"_step":99}