{"_runtime":623.933575827,"_step":99,"epoch":99,"train_loss":0.5434904821284431,"val_loss":0.05451486386652443,"_wandb":{"runtime":623},"_timestamp":1.7273426047924604e+09}