{"epoch":99,"train_loss":0.4682011441065967,"val_loss":0.06480523183120677,"_timestamp":1.7276345228579369e+09,"_runtime":700.11032273,"_step":99,"_wandb":{"runtime":700}}