{"train_loss":0.8525966634862078,"val_loss":0.05919941099021915,"_wandb":{"runtime":15928},"_timestamp":1.7283874332011409e+09,"_runtime":15928.663008325,"_step":99,"epoch":99}