{"_timestamp":1.7273552702944572e+09,"_runtime":621.107506388,"_step":99,"epoch":99,"_wandb":{"runtime":621},"train_loss":0.5512755769081232,"val_loss":0.053713972686939886}