{"epoch":99,"train_loss":1.1370816316765155,"val_loss":0.06886523149976838,"_timestamp":1.727337532617079e+09,"_runtime":622.375026143,"_wandb":{"runtime":622},"_step":99}