{"train_loss":0.711937624540744,"val_loss":0.05433208837554364,"_timestamp":1.728592337812385e+09,"_runtime":3504.510098806,"_step":99,"_wandb":{"runtime":3504},"epoch":99}