{"_runtime":22.517968986,"_step":2,"_wandb":{"runtime":26},"epoch":2,"train_loss":78.01589229514992,"val_loss":8.561132689792151,"_timestamp":1.7275628108580325e+09}