{"_wandb":{"runtime":621},"_timestamp":1.7273590475802488e+09,"_runtime":621.899415433,"_step":99,"epoch":99,"train_loss":1.481859010802534,"val_loss":0.07713550948642099}