{"_wandb":{"runtime":15},"val_loss":244.94297539658854,"_timestamp":1.7275588065952485e+09,"_runtime":8.869995164,"_step":0,"epoch":0,"train_loss":10.900676233059771}