{"train_loss":0.5090256188368993,"val_loss":0.05455303893255911,"_timestamp":1.7276689380597007e+09,"_runtime":710.540464067,"_step":99,"_wandb":{"runtime":710},"epoch":99}