{"_timestamp":1.727313501297764e+09,"_runtime":622.406376979,"_step":99,"epoch":99,"train_loss":1.1092505369841612,"val_loss":0.06802264728082742,"_wandb":{"runtime":622}}