{"_timestamp":1.7276280870680513e+09,"_runtime":706.356706047,"_step":99,"_wandb":{"runtime":706},"epoch":99,"train_loss":0.4545522110019649,"val_loss":0.06850930701429062}