{"train_loss":1.1934640392892226,"val_loss":0.07032232262106128,"_timestamp":1.7273615923242764e+09,"_runtime":636.109210808,"_step":99,"_wandb":{"runtime":636},"epoch":99}