{"epoch":99,"train_loss":0.673286846474145,"_wandb":{"runtime":628},"val_loss":0.05678558222943589,"_timestamp":1.727405236362744e+09,"_runtime":628.729133553,"_step":99}