{"_step":99,"epoch":99,"train_loss":0.7548454253479961,"val_loss":0.053871904756294706,"_timestamp":1.728180086114255e+09,"_runtime":15904.741165184,"_wandb":{"runtime":15904}}