{"train_loss":1.1512570031842222,"val_loss":0.06755772559642141,"_timestamp":1.7273022152964633e+09,"_wandb":{"runtime":626},"_runtime":626.368533558,"_step":99,"epoch":99}