{"epoch":99,"train_loss":0.45438416422416683,"val_loss":0.06296037355478656,"_timestamp":1.7276170915282183e+09,"_wandb":{"runtime":689},"_runtime":689.878433048,"_step":99}