{"_runtime":10.52122134,"_step":0,"epoch":0,"_wandb":{"runtime":14},"train_loss":28.838919173474647,"val_loss":234.11551332457023,"_timestamp":1.7275643350033417e+09}