{"train_loss":0.5215995659876088,"val_loss":0.055249099614335745,"_timestamp":1.7276345850891023e+09,"_runtime":700.19479862,"_step":99,"_wandb":{"runtime":700},"epoch":99}