{"_timestamp":1.727308481872235e+09,"_runtime":618.769318858,"_step":99,"epoch":99,"train_loss":0.6451447593896266,"_wandb":{"runtime":618},"val_loss":0.0543795356469595}