{"_step":99,"_wandb":{"runtime":15913},"epoch":99,"train_loss":0.6994429394696032,"val_loss":0.05554383466544505,"_timestamp":1.7282280049267979e+09,"_runtime":15913.805556225}