{"_runtime":703.694960491,"_step":99,"_wandb":{"runtime":703},"epoch":99,"train_loss":0.46143965558168826,"val_loss":0.0698751844175948,"_timestamp":1.727631666310038e+09}