{"_runtime":15831.527524002,"_step":99,"epoch":99,"train_loss":1.5867109728968487,"_wandb":{"runtime":15831},"val_loss":0.08568832863421175,"_timestamp":1.7281641832686741e+09}