{"train_loss":0.4729346999938424,"val_loss":0.07844311257233608,"_timestamp":1.727627374066732e+09,"_runtime":698.237703851,"_wandb":{"runtime":698},"_step":99,"epoch":99}