{"epoch":99,"train_loss":1.5706489794884126,"val_loss":0.08244451525259697,"_timestamp":1.727315393255542e+09,"_runtime":622.257707535,"_step":99,"_wandb":{"runtime":622}}