{"train_loss":0.45238927518187255,"val_loss":0.06305354365440753,"_timestamp":1.72766193427999e+09,"_runtime":719.934717947,"_step":99,"epoch":99,"_wandb":{"runtime":719}}