{"val_loss":0.05607938205164975,"_timestamp":1.7283554727433743e+09,"_wandb":{"runtime":15871},"_runtime":15871.498553201,"_step":99,"epoch":99,"train_loss":0.7592841666081128}