{"_step":99,"epoch":99,"train_loss":0.5807495103603825,"_wandb":{"runtime":697},"val_loss":0.056796954688400236,"_timestamp":1.7276500633906116e+09,"_runtime":697.84135766}