{"val_loss":0.05392342831906829,"_wandb":{"runtime":714},"_timestamp":1.7276552728993244e+09,"_runtime":714.432606579,"_step":99,"epoch":99,"train_loss":0.4852263503804514}