{"val_loss":0.06949692811024558,"_timestamp":1.7273217222423866e+09,"_runtime":623.304244692,"_wandb":{"runtime":623},"_step":99,"epoch":99,"train_loss":0.7901697015642873}