{"epoch":99,"train_loss":0.5193628379020309,"val_loss":0.052589149544876895,"_timestamp":1.7273059787767937e+09,"_runtime":619.380625223,"_wandb":{"runtime":619},"_step":99}