{"val_loss":0.07004657358574486,"_timestamp":1.727326147568967e+09,"_runtime":626.533854655,"_step":99,"_wandb":{"runtime":626},"epoch":99,"train_loss":1.2997998879552253}