{"epoch":99,"train_loss":0.9871602430133235,"val_loss":0.06501881323868175,"_timestamp":1.727395797265632e+09,"_runtime":618.45806929,"_wandb":{"runtime":618},"_step":99}