{"_wandb":{"runtime":716},"epoch":99,"train_loss":0.46252214457122853,"val_loss":0.07153770753376959,"_timestamp":1.7276149443113074e+09,"_runtime":716.23858786,"_step":99}