{"epoch":99,"train_loss":0.7672515258337365,"val_loss":0.055007282954534525,"_timestamp":1.72827510420035e+09,"_runtime":15824.910555598,"_step":99,"_wandb":{"runtime":15824}}