{"train_loss":45.007021214593756,"val_loss":4419.851732857274,"_wandb":{"runtime":12},"_timestamp":1.7276636383849647e+09,"_runtime":8.686198676,"_step":0,"epoch":0}