{"_runtime":709.407758443,"_step":99,"epoch":99,"_wandb":{"runtime":709},"train_loss":0.45001691979596,"val_loss":0.05905521780002043,"_timestamp":1.7276352397901678e+09}