{"val_loss":0.05538054096553839,"_timestamp":1.728339584695876e+09,"_runtime":15908.914479188,"_step":99,"_wandb":{"runtime":15908},"epoch":99,"train_loss":0.7984513029000633}