{"_timestamp":1.728290976665486e+09,"_runtime":15843.174130453,"_step":99,"epoch":99,"train_loss":0.7202725466684757,"_wandb":{"runtime":15843},"val_loss":0.05439961525370047}