{"_timestamp":1.727600264067203e+09,"_runtime":8.861787586,"_wandb":{"runtime":12},"_step":0,"epoch":0,"train_loss":81.02568396697812,"val_loss":109.83435873039107}