{"train_loss":1.5292647384269271,"_wandb":{"runtime":3318},"val_loss":0.08206072378250705,"_timestamp":1.7285855016271317e+09,"_runtime":3318.334910528,"_step":99,"epoch":99}