{"val_loss":0.059164342030369896,"_timestamp":1.728433696515928e+09,"_runtime":3498.502562796,"_step":99,"_wandb":{"runtime":3498},"epoch":99,"train_loss":0.8917293324427816}