{"val_loss":0.06690913893190292,"_timestamp":1.727614998596209e+09,"_runtime":716.055186316,"_step":99,"_wandb":{"runtime":716},"epoch":99,"train_loss":0.4586657959063726}