{"_wandb":{"runtime":620},"_runtime":620.822547734,"_step":99,"epoch":99,"train_loss":0.7378422387493452,"val_loss":0.061509556150470615,"_timestamp":1.7273305669214866e+09}