{"_wandb":{"runtime":713},"train_loss":0.468862529665062,"val_loss":0.06889635701479657,"_timestamp":1.727605771300993e+09,"_runtime":713.44369977,"_step":99,"epoch":99}