{"_runtime":693.983504278,"_step":99,"epoch":99,"train_loss":0.4553371817982778,"_wandb":{"runtime":694},"val_loss":0.06431857005658856,"_timestamp":1.7276828152842329e+09}