{"_runtime":3332.916030954,"_step":99,"epoch":99,"train_loss":1.209580046827429,"_wandb":{"runtime":3332},"val_loss":0.06675989723535602,"_timestamp":1.7284789692892613e+09}