{"_timestamp":1.7283395691849928e+09,"_runtime":15973.936040695,"_step":99,"epoch":99,"train_loss":0.7495248064395856,"val_loss":0.054256275709554345,"_wandb":{"runtime":15973}}