{"_runtime":624.906859866,"_wandb":{"runtime":624},"_step":99,"epoch":99,"train_loss":0.655967076638982,"val_loss":0.05828043331169413,"_timestamp":1.727339429681706e+09}