{"val_loss":0.06437820861670543,"_timestamp":1.7275802015247612e+09,"_runtime":698.687092181,"_step":99,"_wandb":{"runtime":698},"epoch":99,"train_loss":0.45336397872567513}