{"train_loss":0.503151646694076,"val_loss":0.0526575870036501,"_timestamp":1.7273603104443839e+09,"_runtime":627.134544052,"_step":99,"_wandb":{"runtime":627},"epoch":99}