{"_step":99,"_wandb":{"runtime":626},"epoch":99,"train_loss":1.2548662598739055,"val_loss":0.06993489184744142,"_timestamp":1.7272756754662113e+09,"_runtime":626.479637632}