{"epoch":99,"train_loss":0.5070487215405782,"_wandb":{"runtime":705},"val_loss":0.053069593790762676,"_timestamp":1.7275875669993818e+09,"_runtime":705.0096744,"_step":99}