{"val_loss":0.0794663964710417,"_timestamp":1.7273838911538985e+09,"_runtime":620.143891551,"_step":99,"epoch":99,"train_loss":1.5112347932459005,"_wandb":{"runtime":620}}