{"val_loss":0.0613809380348251,"_timestamp":1.7272921329547093e+09,"_runtime":623.524492757,"_wandb":{"runtime":623},"_step":99,"epoch":99,"train_loss":0.7040966117131807}