{"_runtime":819.748280981,"_step":99,"_wandb":{"runtime":819},"epoch":99,"train_loss":0.505166924358683,"val_loss":0.052957389971215435,"_timestamp":1.7274312196637425e+09}