{"_timestamp":1.727272506790297e+09,"_runtime":623.835827797,"_wandb":{"runtime":623},"_step":99,"epoch":99,"train_loss":0.6630639901014999,"val_loss":0.05806230511110695}