{"_timestamp":1.72857884364555e+09,"_runtime":3333.843792904,"_step":99,"_wandb":{"runtime":3333},"epoch":99,"train_loss":0.7373320439023047,"val_loss":0.055864389460816094}