{"_wandb":{"runtime":26},"epoch":2,"train_loss":1.7834679368260116,"val_loss":6.411346168628379e+09,"_timestamp":1.7276811313422925e+09,"_runtime":22.878197879,"_step":2}