{"_timestamp":1.727596506115444e+09,"_runtime":8.935293375,"_wandb":{"runtime":12},"_step":0,"epoch":0,"train_loss":6.06017091775835,"val_loss":4.475982034684621}