{"epoch":99,"train_loss":0.4505658914191178,"val_loss":0.060635409745421406,"_timestamp":1.7276366705214481e+09,"_runtime":714.043785791,"_step":99,"_wandb":{"runtime":714}}