{"_timestamp":1.7273909461226528e+09,"_runtime":812.993454016,"_wandb":{"runtime":812},"_step":99,"epoch":99,"train_loss":0.5256709401250551,"val_loss":0.054395411893825116}