{"_wandb":{"runtime":687},"epoch":99,"train_loss":0.4676361765309508,"val_loss":0.060531716144713074,"_timestamp":1.727589484880017e+09,"_runtime":687.021973719,"_step":99}