{"train_loss":0.8623178424579868,"val_loss":0.062401257031527456,"_timestamp":1.7273672994431021e+09,"_runtime":624.52375079,"_step":99,"epoch":99,"_wandb":{"runtime":624}}