{"_timestamp":1.7276381828506703e+09,"_runtime":712.557965749,"_step":99,"_wandb":{"runtime":712},"epoch":99,"train_loss":0.49735780937482416,"val_loss":0.05258963527857119}