{"epoch":99,"train_loss":0.45457723881155015,"val_loss":0.056937838510139505,"_timestamp":1.727626656971631e+09,"_wandb":{"runtime":715},"_runtime":715.570201756,"_step":99}