{"_wandb":{"runtime":15835},"epoch":99,"train_loss":1.5877574315249416,"val_loss":0.08581702228408947,"_timestamp":1.7283068284466262e+09,"_runtime":15835.19559877,"_step":99}