{"_wandb":{"runtime":706},"_step":99,"epoch":99,"train_loss":0.45451345242773245,"val_loss":0.05778777882390078,"_timestamp":1.727584491493913e+09,"_runtime":706.034572032}