{"_wandb":{"runtime":15859},"_timestamp":1.7281954802153685e+09,"_runtime":15859.285943467,"_step":99,"epoch":99,"train_loss":0.9490717295844904,"val_loss":0.06385181001676889}