{"_runtime":694.412199232,"_step":99,"epoch":99,"train_loss":0.6048577867001267,"val_loss":0.0590100084828247,"_timestamp":1.7276463585320807e+09,"_wandb":{"runtime":694}}