{"_wandb":{"runtime":19},"train_loss":22.08740220163503,"val_loss":0.09125849399322844,"_timestamp":1.7276585393872454e+09,"_runtime":13.304265021,"_step":0,"epoch":0}