{"_runtime":3320.144833216,"_step":99,"_wandb":{"runtime":3320},"epoch":99,"train_loss":0.7053733604454958,"val_loss":0.05522172467588623,"_timestamp":1.7285089662501118e+09}