{"_runtime":623.103717255,"_wandb":{"runtime":623},"_step":99,"epoch":99,"train_loss":0.797904326324495,"val_loss":0.06276138133776477,"_timestamp":1.7272927629249458e+09}