{"_timestamp":1.7273679312239056e+09,"_runtime":624.379464146,"_wandb":{"runtime":624},"_step":99,"epoch":99,"train_loss":1.4268772365557942,"val_loss":0.07290544833610538}