{"_timestamp":1.7273634913817012e+09,"_runtime":626.865059934,"_step":99,"_wandb":{"runtime":626},"epoch":99,"train_loss":1.1120780305725053,"val_loss":0.06776948155392093}