{"train_loss":0.7405401343237636,"val_loss":0.05377288669834135,"_timestamp":1.728163919405161e+09,"_runtime":15810.298280975,"_step":99,"epoch":99,"_wandb":{"runtime":15810}}