{"_runtime":15819.672049095,"_step":99,"epoch":99,"train_loss":0.6233686957435691,"val_loss":0.054243061067671815,"_wandb":{"runtime":15819},"_timestamp":1.7282276847172785e+09}