{"_runtime":1734.756863834,"_step":49,"_wandb":{"runtime":1758},"epoch":49,"train_loss":0.861081915979055,"val_loss":0.058952416379826345,"_timestamp":1.7285940789543452e+09}