{"_step":99,"_wandb":{"runtime":705},"epoch":99,"train_loss":0.47901210656050786,"val_loss":0.05156609850564854,"_timestamp":1.7275859310105183e+09,"_runtime":705.398760915}