{"train_loss":0.9923253050801186,"val_loss":0.06636650675838592,"_timestamp":1.7272832896551857e+09,"_runtime":622.096767257,"_step":99,"epoch":99,"_wandb":{"runtime":622}}