{"_runtime":625.205861887,"_wandb":{"runtime":625},"_step":99,"epoch":99,"train_loss":0.7003906854894559,"val_loss":0.060170910551637556,"_timestamp":1.72742110356466e+09}