{"_timestamp":1.7275972613923035e+09,"_runtime":690.625597391,"_step":99,"epoch":99,"train_loss":0.45928487244987937,"val_loss":0.0587462329070555,"_wandb":{"runtime":690}}