{"val_loss":0.05573293282140873,"_timestamp":1.7272624061000311e+09,"_runtime":622.555174487,"_step":99,"epoch":99,"_wandb":{"runtime":622},"train_loss":0.6357680088933539}