{"epoch":99,"train_loss":0.5123255682768353,"val_loss":0.05397247393752788,"_timestamp":1.7273330972566154e+09,"_runtime":631.38164203,"_wandb":{"runtime":631},"_step":99}