{"train_loss":0.7385344179917469,"val_loss":0.0544682280935255,"_timestamp":1.7289722107814338e+09,"_wandb":{"runtime":3877},"_runtime":3877.005638072,"_step":99,"epoch":99}