{"epoch":99,"train_loss":0.8115994648626007,"val_loss":0.059922414256580674,"_timestamp":1.7275572187882104e+09,"_runtime":697.454679785,"_step":99,"_wandb":{"runtime":697}}