{"train_loss":0.5981765561713319,"val_loss":0.0580732173880974,"_timestamp":1.7275942447874436e+09,"_wandb":{"runtime":694},"_runtime":693.998285157,"_step":99,"epoch":99}