{"val_loss":0.05051693071210316,"_timestamp":1.7276574052272348e+09,"_runtime":1149.690809308,"_step":99,"epoch":99,"train_loss":0.48283120266454915,"_wandb":{"runtime":1149}}