{"train_loss":0.5933288619773486,"val_loss":0.05269201265850332,"_timestamp":1.7283862598825526e+09,"_runtime":16006.024304066,"_step":99,"epoch":99,"_wandb":{"runtime":16006}}