{"_timestamp":1.7275550127768395e+09,"_runtime":697.768183171,"_step":99,"epoch":99,"train_loss":0.6555735861626205,"_wandb":{"runtime":697},"val_loss":0.06070737441501049}