{"_timestamp":1.727585947128687e+09,"_runtime":8.569873903,"_step":0,"epoch":0,"train_loss":15.612666633518142,"val_loss":154.0521365758093,"_wandb":{"runtime":12}}