{"val_loss":0.054007280124862944,"_timestamp":1.728444188663292e+09,"_runtime":3472.927439664,"_step":99,"_wandb":{"runtime":3472},"epoch":99,"train_loss":0.6265497025085752}