{"_timestamp":1.7274261670037954e+09,"_runtime":622.520712784,"_step":99,"epoch":99,"train_loss":0.5160283009875596,"_wandb":{"runtime":622},"val_loss":0.05406587485594275}