{"val_loss":0.05533217473517708,"_timestamp":1.7272763071364717e+09,"_runtime":623.946188225,"_step":99,"epoch":99,"_wandb":{"runtime":623},"train_loss":0.5711215821992205}