{"_wandb":{"runtime":990},"epoch":99,"train_loss":0.47041848354781707,"val_loss":0.058255471504260734,"_timestamp":1.7274416236323261e+09,"_runtime":990.01029328,"_step":99}