{"_step":99,"_wandb":{"runtime":624},"epoch":99,"train_loss":0.6532364195920122,"val_loss":0.056061629876590115,"_timestamp":1.7273204505384822e+09,"_runtime":624.30832785}