{"_wandb":{"runtime":30},"train_loss":1.6544025241091622,"val_loss":173.0857970403026,"_timestamp":1.7275463578647897e+09,"_runtime":23.514992099,"_step":2,"epoch":2}