{"_step":99,"_wandb":{"runtime":622},"epoch":99,"train_loss":0.9274018904405604,"val_loss":0.06388628386772174,"_timestamp":1.7273559004618394e+09,"_runtime":622.769920127}