{"train_loss":0.5120556066565982,"val_loss":0.054277010980512935,"_timestamp":1.7274198386874745e+09,"_runtime":626.627454874,"_step":99,"epoch":99,"_wandb":{"runtime":626}}