{"_timestamp":1.727566802791825e+09,"_runtime":691.188321054,"_wandb":{"runtime":691},"_step":99,"epoch":99,"train_loss":0.45566983828891416,"val_loss":0.07130648922179837}