{"_step":99,"_wandb":{"runtime":693},"epoch":99,"train_loss":0.663595716633581,"val_loss":0.0635459390201541,"_timestamp":1.7275972235232046e+09,"_runtime":693.239259655}