{"val_loss":0.058869409246371365,"_timestamp":1.7274461305678499e+09,"_runtime":645.823428372,"_step":99,"_wandb":{"runtime":645},"epoch":99,"train_loss":0.4530371559746791}