{"_timestamp":1.7272896114526715e+09,"_runtime":624.154765225,"_wandb":{"runtime":624},"_step":99,"epoch":99,"train_loss":0.5258274517172481,"val_loss":0.055331523098825705}