{"epoch":99,"train_loss":0.6207605051907409,"val_loss":0.05708741973428118,"_wandb":{"runtime":707},"_timestamp":1.72755117970034e+09,"_runtime":707.336975706,"_step":99}