{"_runtime":713.560018027,"_step":99,"epoch":99,"train_loss":0.45480009080917055,"val_loss":0.06450691049324313,"_wandb":{"runtime":713},"_timestamp":1.7275958521799839e+09}