{"_timestamp":1.7276821135937746e+09,"_runtime":712.400985385,"_step":99,"epoch":99,"train_loss":0.47275929525256755,"_wandb":{"runtime":712},"val_loss":0.0715691273052191}