{"_wandb":{"runtime":13},"epoch":0,"train_loss":75.90188849299095,"val_loss":7.167189133421484,"_timestamp":1.7275852151486049e+09,"_runtime":9.861373377,"_step":0}