{"_timestamp":1.7272560973744018e+09,"_runtime":644.401031119,"_step":99,"epoch":99,"_wandb":{"runtime":644},"train_loss":0.16997366751330376,"val_loss":0.011091711270052273}