{"train_loss":0.45129188230570755,"_wandb":{"runtime":718},"val_loss":0.06255362460022225,"_timestamp":1.7276849774716275e+09,"_runtime":718.530031597,"_step":99,"epoch":99}