{"_runtime":623.889597818,"_wandb":{"runtime":623},"_step":99,"epoch":99,"train_loss":1.2285456990894288,"val_loss":0.07146175538220079,"_timestamp":1.7273565308351295e+09}