{"val_loss":0.056944743446973624,"_timestamp":1.7273767625199025e+09,"_runtime":624.052202242,"_step":99,"epoch":99,"_wandb":{"runtime":624},"train_loss":0.5081955735246505}