{"train_loss":91.39894293908928,"val_loss":7.10549410535127e+09,"_wandb":{"runtime":26},"_timestamp":1.7276718924356203e+09,"_runtime":22.833579203,"_step":2,"epoch":2}