{"val_loss":0.06148393511804873,"_timestamp":1.7275951310270588e+09,"_wandb":{"runtime":685},"_runtime":685.334188459,"_step":99,"epoch":99,"train_loss":0.45367601069306573}