{"_runtime":704.592191923,"_wandb":{"runtime":704},"_step":99,"epoch":99,"train_loss":0.4559147102954614,"val_loss":0.05965897314289617,"_timestamp":1.7276799761709363e+09}