{"_step":99,"epoch":99,"train_loss":0.4534858539567222,"_wandb":{"runtime":701},"val_loss":0.06303874233781129,"_timestamp":1.727546262974599e+09,"_runtime":701.479497892}