{"val_loss":0.09046544328271394,"_timestamp":1.7276264066438906e+09,"_runtime":705.216895728,"_step":99,"epoch":99,"train_loss":2.6517921266958817,"_wandb":{"runtime":705}}