{"train_loss":0.6453987493790595,"val_loss":0.053191754060371535,"_timestamp":1.727428113148457e+09,"_runtime":672.298011636,"_step":99,"_wandb":{"runtime":672},"epoch":99}