{"_timestamp":1.7275579200732992e+09,"_runtime":693.896112062,"_step":99,"_wandb":{"runtime":693},"epoch":99,"train_loss":0.47030971063176114,"val_loss":0.05823969877294688}