{"epoch":99,"train_loss":0.6031083812148189,"val_loss":0.056556444060036695,"_timestamp":1.7275650478416867e+09,"_runtime":698.171757064,"_wandb":{"runtime":698},"_step":99}