{"_step":99,"_wandb":{"runtime":695},"epoch":99,"train_loss":0.5393454704039454,"val_loss":0.05205241920403525,"_timestamp":1.7276142213368528e+09,"_runtime":695.038448854}