{"train_loss":0.7080575849183851,"val_loss":0.06107140590978265,"_timestamp":1.7275850901250892e+09,"_wandb":{"runtime":698},"_runtime":698.082486157,"_step":99,"epoch":99}