{"val_loss":0.05695958106942719,"_timestamp":1.7276061754365418e+09,"_runtime":702.621670537,"_wandb":{"runtime":702},"_step":99,"epoch":99,"train_loss":0.7269619687766529}