{"epoch":99,"train_loss":0.8232070267639094,"val_loss":0.05659355473672701,"_wandb":{"runtime":15900},"_timestamp":1.7283373627710044e+09,"_runtime":15900.570531522,"_step":99}