{"_step":99,"epoch":99,"_wandb":{"runtime":684},"train_loss":0.4547642722124969,"val_loss":0.06414472629479903,"_timestamp":1.7274441695664282e+09,"_runtime":684.382608975}