{"_wandb":{"runtime":619},"val_loss":0.05816754701211145,"_timestamp":1.7273072303006544e+09,"_runtime":619.902083732,"_step":99,"epoch":99,"train_loss":0.6378959341733257}