{"val_loss":0.05537724164491276,"_timestamp":1.7283556306458554e+09,"_runtime":16046.339514874,"_step":99,"epoch":99,"_wandb":{"runtime":16046},"train_loss":0.6929920081663707}