{"val_loss":0.05543155954586815,"_wandb":{"runtime":705},"_timestamp":1.7276741836921556e+09,"_runtime":705.360244402,"_step":99,"epoch":99,"train_loss":0.4626932881255188}