{"_runtime":849.947535645,"_step":99,"epoch":99,"train_loss":0.4646821756114103,"_wandb":{"runtime":849},"val_loss":0.059774917963833885,"_timestamp":1.7276496100842257e+09}