{"_step":99,"_wandb":{"runtime":628},"epoch":99,"train_loss":1.4498884478272933,"val_loss":0.07389542490990547,"_timestamp":1.7272996986697052e+09,"_runtime":628.814426425}