{"_step":99,"epoch":99,"train_loss":1.159051357125547,"val_loss":0.06908899691265533,"_timestamp":1.7282917470145435e+09,"_runtime":16116.809828571,"_wandb":{"runtime":16116}}