{"_runtime":714.335784657,"_step":99,"epoch":99,"_wandb":{"runtime":714},"train_loss":0.6038141749088319,"val_loss":0.05374524499537729,"_timestamp":1.7275448285803356e+09}