{"epoch":99,"train_loss":0.8367880424715279,"val_loss":0.05643133524253916,"_timestamp":1.7283071488504026e+09,"_wandb":{"runtime":16090},"_runtime":16090.220140187,"_step":99}