{"val_loss":0.06446315532853886,"_timestamp":1.7275773611405854e+09,"_wandb":{"runtime":699},"_runtime":699.109305301,"_step":99,"epoch":99,"train_loss":0.4618013674310986}