{"val_loss":0.06263157442266143,"_timestamp":1.7276813935992742e+09,"_wandb":{"runtime":702},"_runtime":702.34475996,"_step":99,"epoch":99,"train_loss":0.45337317856745807}