{"_runtime":695.637867675,"_step":99,"epoch":99,"_wandb":{"runtime":695},"train_loss":0.4522174413525359,"val_loss":0.06748803146961584,"_timestamp":1.7276373734681728e+09}