{"epoch":99,"train_loss":0.5051966335421715,"val_loss":0.052992231884429614,"_timestamp":1.7273356315937433e+09,"_runtime":625.237656245,"_wandb":{"runtime":625},"_step":99}