{"epoch":99,"_wandb":{"runtime":706},"train_loss":0.4501727376319823,"val_loss":0.058982843529111165,"_timestamp":1.7276043507175245e+09,"_runtime":706.682421039,"_step":99}