{"val_loss":0.07946328506240544,"_timestamp":1.7276157569771366e+09,"_wandb":{"runtime":691},"_runtime":691.783734266,"_step":99,"epoch":99,"train_loss":0.9077443707930319}