{"_wandb":{"runtime":1154},"epoch":99,"train_loss":0.47882396033965635,"val_loss":0.054228851467215795,"_timestamp":1.727620929094086e+09,"_runtime":1154.559896794,"_step":99}