{"train_loss":1.4869609382675404,"val_loss":0.07624024480235939,"_timestamp":1.7272794903511355e+09,"_runtime":625.418719691,"_step":99,"epoch":99,"_wandb":{"runtime":625}}