{"_step":99,"_wandb":{"runtime":619},"epoch":99,"train_loss":1.3778778710079316,"val_loss":0.071161402208991,"_timestamp":1.7273976757103221e+09,"_runtime":619.2709628}