{"train_loss":1.1415239693703139,"val_loss":0.0686204458418756,"_timestamp":1.7272908715232096e+09,"_runtime":622.395292067,"_wandb":{"runtime":622},"_step":99,"epoch":99}