{"epoch":99,"train_loss":0.47813972036967545,"_wandb":{"runtime":702},"val_loss":0.07165768115969354,"_timestamp":1.7275555045988503e+09,"_runtime":702.776307046,"_step":99}