{"train_loss":0.6056339723635934,"val_loss":0.053395090003668925,"_timestamp":1.7284616556686661e+09,"_runtime":3498.881055783,"_step":99,"epoch":99,"_wandb":{"runtime":3498}}