{"train_loss":0.7967374941889453,"val_loss":0.055158816415415285,"_timestamp":1.728322932181447e+09,"_runtime":15764.858497233,"_step":99,"_wandb":{"runtime":15764},"epoch":99}