{"epoch":0,"train_loss":20.809776167686007,"_wandb":{"runtime":13},"val_loss":3.2870860475266745,"_timestamp":1.727558870733561e+09,"_runtime":8.939474251,"_step":0}