{"_wandb":{"runtime":699},"_runtime":699.66421984,"_step":99,"epoch":99,"train_loss":0.6515633667812335,"val_loss":0.05736559210661134,"_timestamp":1.7276256824275262e+09}