{"_timestamp":1.7275672369537566e+09,"_runtime":8.787942171,"_step":0,"epoch":0,"_wandb":{"runtime":12},"train_loss":56.497864675735556,"val_loss":697.0851876395541}