{"epoch":99,"_wandb":{"runtime":15891},"train_loss":0.7348594823831098,"val_loss":0.05368351224280957,"_timestamp":1.7283076403064494e+09,"_runtime":15891.525076275,"_step":99}