{"val_loss":0.06617794840286512,"_wandb":{"runtime":622},"_timestamp":1.7274255370555923e+09,"_runtime":622.736360545,"_step":99,"epoch":99,"train_loss":1.0557189787892436}