{"_step":0,"epoch":0,"_wandb":{"runtime":17},"train_loss":2.945534627478921e+07,"val_loss":808.7252100038803,"_timestamp":1.7274352562078223e+09,"_runtime":12.393109464}