{"val_loss":0.05905771905218617,"_wandb":{"runtime":624},"_timestamp":1.7272870783128753e+09,"_runtime":624.706257355,"_step":99,"epoch":99,"train_loss":0.6533701823793916}