{"train_loss":1.1464122151357308,"val_loss":0.06891498534063345,"_timestamp":1.7274008243818667e+09,"_wandb":{"runtime":631},"_runtime":631.645642126,"_step":99,"epoch":99}