{"_runtime":627.276927986,"_step":99,"epoch":99,"train_loss":0.6161826480665356,"val_loss":0.05182020744210177,"_wandb":{"runtime":627},"_timestamp":1.7273179224178255e+09}