{"val_loss":0.08237572808372075,"_wandb":{"runtime":3506},"_timestamp":1.7284651698670511e+09,"_runtime":3506.693288465,"_step":99,"epoch":99,"train_loss":1.5368830420834794}