{"val_loss":0.05358941351316309,"_wandb":{"runtime":15834},"_timestamp":1.72814827318438e+09,"_runtime":15834.510900353,"_step":99,"epoch":99,"train_loss":0.5844478665824534}