{"_timestamp":1.7274494183541338e+09,"_runtime":646.198967585,"_step":99,"epoch":99,"train_loss":0.45854434271646977,"val_loss":0.06394522772317252,"_wandb":{"runtime":646}}