{"_runtime":698.361373828,"_step":99,"_wandb":{"runtime":698},"epoch":99,"train_loss":0.45857341514793226,"val_loss":0.06285220074930295,"_timestamp":1.72756821841565e+09}