{"val_loss":0.06048538677690573,"_timestamp":1.7283077528740737e+09,"_runtime":15992.132237474,"_step":99,"_wandb":{"runtime":15992},"epoch":99,"train_loss":0.8944982806351192}