{"_wandb":{"runtime":622},"epoch":99,"train_loss":0.5924598123225319,"val_loss":0.056914981401997695,"_timestamp":1.7273419742156138e+09,"_runtime":622.550865715,"_step":99}