{"train_loss":0.8110023136771326,"val_loss":0.05541110364395744,"_timestamp":1.7282113579421651e+09,"_wandb":{"runtime":15859},"_runtime":15859.155299067,"_step":99,"epoch":99}