{"epoch":99,"train_loss":0.46807292148332624,"val_loss":0.06600769986533264,"_timestamp":1.727563236674883e+09,"_runtime":701.912545037,"_step":99,"_wandb":{"runtime":701}}