{"epoch":3,"train_loss":1.4231598171713693,"_wandb":{"runtime":36},"val_loss":0.9805707358477123,"_timestamp":1.7275481939371078e+09,"_runtime":29.807434963,"_step":3}