{"_timestamp":1.7274507223977928e+09,"_runtime":643.126373704,"_step":99,"_wandb":{"runtime":643},"epoch":99,"train_loss":0.4526018121516309,"val_loss":0.06266935897365389}