{"_wandb":{"runtime":696},"epoch":99,"train_loss":0.456944899463198,"val_loss":0.058919849263098005,"_timestamp":1.7275816276147141e+09,"_runtime":696.322758834,"_step":99}