{"_timestamp":1.7275928210983932e+09,"_runtime":702.514215823,"_wandb":{"runtime":702},"_step":99,"epoch":99,"train_loss":0.4656779888043104,"val_loss":0.050787986816338906}