{"_step":99,"_wandb":{"runtime":621},"epoch":99,"train_loss":0.5450354585097881,"val_loss":0.0542007602317625,"_timestamp":1.727400185513917e+09,"_runtime":621.497406308}