{"_runtime":15829.741463726,"_wandb":{"runtime":15829},"_step":99,"epoch":99,"train_loss":1.5228846366914823,"val_loss":0.08086970535794738,"_timestamp":1.7283055365961802e+09}