{"val_loss":0.054457204942169594,"_timestamp":1.7274242764767106e+09,"_wandb":{"runtime":629},"_runtime":629.033733753,"_step":99,"epoch":99,"train_loss":0.5784364182464284}