{"epoch":99,"train_loss":0.6299325543996458,"val_loss":0.053682823520081024,"_timestamp":1.7276493581219046e+09,"_wandb":{"runtime":953},"_runtime":953.394812729,"_step":99}