{"_timestamp":1.7275770487461126e+09,"_runtime":9.005257091,"_step":0,"epoch":0,"train_loss":37.98318083338906,"val_loss":8.835669777028444,"_wandb":{"runtime":12}}