{"_timestamp":1.7283236602815936e+09,"_runtime":15896.12762967,"_step":99,"epoch":99,"train_loss":1.5682013985974304,"_wandb":{"runtime":15896},"val_loss":0.08426836693568593}