{"val_loss":0.053843610028349836,"_wandb":{"runtime":15885},"_timestamp":1.7282262524664123e+09,"_runtime":15885.826894532,"_step":99,"epoch":99,"train_loss":0.6703077023266735}