{"_step":99,"epoch":99,"train_loss":0.45564580912671715,"val_loss":0.054759692755579056,"_timestamp":1.7275618160983114e+09,"_runtime":691.18282518,"_wandb":{"runtime":691}}