{"_runtime":702.931658808,"_step":99,"_wandb":{"runtime":702},"epoch":99,"train_loss":0.44895495761521337,"val_loss":0.05657071388318715,"_timestamp":1.7276713658988287e+09}