{"epoch":99,"train_loss":0.46131099578643014,"val_loss":0.05876869271800055,"_timestamp":1.7275986665456462e+09,"_runtime":702.685458084,"_step":99,"_wandb":{"runtime":702}}