{"_runtime":620.545729846,"_step":99,"_wandb":{"runtime":620},"epoch":99,"train_loss":0.6217733044289728,"val_loss":0.05818122675863022,"_timestamp":1.7273324581763346e+09}