{"epoch":99,"train_loss":0.45167239282836774,"val_loss":0.061013175121995125,"_timestamp":1.7275923082673755e+09,"_runtime":701.049488526,"_step":99,"_wandb":{"runtime":701}}