{"_wandb":{"runtime":622},"epoch":99,"train_loss":0.5927993739017353,"val_loss":0.05461343842643471,"_timestamp":1.727265572999763e+09,"_runtime":622.340137284,"_step":99}