{"_wandb":{"runtime":710},"_runtime":710.276006633,"_step":99,"epoch":99,"train_loss":0.46881389172769916,"val_loss":0.06498346829426858,"_timestamp":1.7275455537801409e+09}