{"_runtime":705.402670757,"_wandb":{"runtime":705},"_step":99,"epoch":99,"train_loss":0.6144468552729883,"val_loss":0.05556357979876399,"_timestamp":1.7275702277368345e+09}