{"_timestamp":1.7283874813637705e+09,"_runtime":15962.818783357,"_step":99,"epoch":99,"train_loss":0.7652420201419418,"val_loss":0.05631179461077072,"_wandb":{"runtime":15962}}