{"_timestamp":1.728321445332843e+09,"_runtime":15892.623472914,"_step":99,"_wandb":{"runtime":15892},"epoch":99,"train_loss":0.724690834991885,"val_loss":0.05364154288718558}