{"_wandb":{"runtime":12},"_runtime":8.649033749,"_step":0,"epoch":0,"train_loss":71.52998615650553,"val_loss":337.8544141351972,"_timestamp":1.72757252016816e+09}