{"_step":99,"epoch":99,"train_loss":0.4530751960175765,"val_loss":0.057461773662805235,"_wandb":{"runtime":751},"_timestamp":1.727619268327851e+09,"_runtime":751.528054799}