{"_step":99,"_wandb":{"runtime":695},"epoch":99,"train_loss":0.45582384686526023,"val_loss":0.05717599383568833,"_timestamp":1.7276252284076986e+09,"_runtime":695.01095674}