{"train_loss":0.4722162470945204,"val_loss":0.07015852061573476,"_timestamp":1.7275930391447349e+09,"_runtime":709.293382221,"_step":99,"epoch":99,"_wandb":{"runtime":709}}