{"_runtime":628.138817506,"_step":99,"epoch":99,"train_loss":0.5827385868939449,"val_loss":0.05650838855501696,"_timestamp":1.7274274332982707e+09,"_wandb":{"runtime":628}}