{"train_loss":0.4533354197322894,"val_loss":0.06392419403404842,"_timestamp":1.7275448360157359e+09,"_runtime":715.730569255,"_step":99,"_wandb":{"runtime":715},"epoch":99}