{"val_loss":0.056230675108518965,"_timestamp":1.7274103124858885e+09,"_runtime":625.491502986,"_step":99,"_wandb":{"runtime":625},"epoch":99,"train_loss":0.5728717722800712}