{"epoch":99,"_wandb":{"runtime":698},"train_loss":0.7094791640134911,"val_loss":0.05527769471404122,"_timestamp":1.7275587507935233e+09,"_runtime":698.747696128,"_step":99}