{"_runtime":15882.123408389,"_step":99,"epoch":99,"train_loss":0.8834519729620467,"val_loss":0.05854512539078397,"_timestamp":1.7282120782407722e+09,"_wandb":{"runtime":15882}}