{"_runtime":711.839360405,"_step":99,"_wandb":{"runtime":711},"epoch":99,"train_loss":0.5946863410374872,"val_loss":0.0551263522193632,"_timestamp":1.72763307339665e+09}