{"_wandb":{"runtime":695},"_timestamp":1.727602226801432e+09,"_runtime":695.581812724,"_step":99,"epoch":99,"train_loss":0.46465521994500875,"val_loss":0.06398875487722075}