{"_timestamp":1.7272864460732083e+09,"_runtime":621.131544643,"_step":99,"_wandb":{"runtime":621},"epoch":99,"train_loss":0.5080837745909966,"val_loss":0.05272973992375525}