{"_timestamp":1.7276487506466622e+09,"_runtime":1007.431487083,"_step":99,"epoch":99,"train_loss":0.45353350041800083,"_wandb":{"runtime":1007},"val_loss":0.06640228769574882}