{"val_loss":0.055070169483529316,"_timestamp":1.7276090935437758e+09,"_runtime":696.011524136,"_wandb":{"runtime":696},"_step":99,"epoch":99,"train_loss":0.6250797772619404}