{"train_loss":0.6152980359631443,"_wandb":{"runtime":15927},"val_loss":0.05403230535421269,"_timestamp":1.7281801131047487e+09,"_runtime":15927.702181245,"_step":99,"epoch":99}