{"_timestamp":1.727304096863349e+09,"_runtime":621.146875686,"_wandb":{"runtime":621},"_step":99,"epoch":99,"train_loss":0.9268941252888651,"val_loss":0.06625672524297435}