{"_wandb":{"runtime":625},"epoch":99,"train_loss":0.9814551446778348,"val_loss":0.06448213022951683,"_timestamp":1.7272680940136476e+09,"_runtime":625.45649584,"_step":99}