{"val_loss":0.054911932039229686,"_timestamp":1.728195971198173e+09,"_runtime":15714.596399918,"_step":99,"_wandb":{"runtime":15714},"epoch":99,"train_loss":0.7885078653683305}