{"_runtime":619.128872074,"_step":99,"_wandb":{"runtime":619},"epoch":99,"train_loss":0.7789936082081723,"val_loss":0.060813811467227585,"_timestamp":1.727309107763512e+09}