{"_wandb":{"runtime":691},"train_loss":0.4577585188743356,"val_loss":0.06333544980143792,"_timestamp":1.7275766407432861e+09,"_runtime":691.360360903,"_step":99,"epoch":99}