{"_runtime":713.998249111,"_step":99,"epoch":99,"train_loss":0.4510094251950448,"_wandb":{"runtime":714},"val_loss":0.06552783418420131,"_timestamp":1.7276423840342815e+09}