{"_step":99,"epoch":99,"_wandb":{"runtime":621},"train_loss":0.5167301675631373,"val_loss":0.05577693036583842,"_timestamp":1.7272617211185677e+09,"_runtime":621.137959233}