{"_step":99,"epoch":99,"train_loss":0.4570326410652109,"val_loss":0.06562394051632389,"_timestamp":1.7275562074277525e+09,"_runtime":694.135803854,"_wandb":{"runtime":694}}