{"_step":99,"epoch":99,"_wandb":{"runtime":707},"train_loss":0.71985910649852,"val_loss":0.05486029846824811,"_timestamp":1.7275828457455492e+09,"_runtime":707.691374026}