{"val_loss":0.056278735223789005,"_timestamp":1.72757853469598e+09,"_runtime":708.266488478,"_step":99,"epoch":99,"train_loss":0.6665776407275155,"_wandb":{"runtime":708}}