{"_wandb":{"runtime":700},"epoch":99,"train_loss":0.5963404201269001,"val_loss":0.05652738448349025,"_timestamp":1.7275612196737523e+09,"_runtime":700.586909346,"_step":99}