{"_step":99,"epoch":99,"train_loss":0.8828603498411105,"val_loss":0.05690772781398278,"_wandb":{"runtime":3325},"_timestamp":1.728572171629005e+09,"_runtime":3325.016264489}