{"train_loss":0.4524072648475821,"val_loss":0.06536568467179985,"_timestamp":1.7275887898177311e+09,"_runtime":703.121230571,"_step":99,"_wandb":{"runtime":703},"epoch":99}