{"_step":99,"_wandb":{"runtime":699},"epoch":99,"train_loss":0.45469360857815516,"val_loss":0.06564401125400529,"_timestamp":1.727588079219718e+09,"_runtime":699.980975594}