{"train_loss":0.45091674574591734,"val_loss":0.06628956263602374,"_timestamp":1.7274467827180178e+09,"_runtime":644.672848784,"_step":99,"_wandb":{"runtime":644},"epoch":99}