{"_wandb":{"runtime":15},"epoch":0,"train_loss":35.575435508394,"val_loss":10.290875824750962,"_timestamp":1.727683420304044e+09,"_runtime":10.704952195,"_step":0}