{"train_loss":1.4599623737206375,"val_loss":0.07837126787872893,"_timestamp":1.7284371988885565e+09,"_runtime":3495.084061498,"_step":99,"epoch":99,"_wandb":{"runtime":3495}}