{"_step":99,"_wandb":{"runtime":16022},"epoch":99,"train_loss":0.7211509207803943,"val_loss":0.05404267016398601,"_timestamp":1.7283864858135848e+09,"_runtime":16022.360733859}