{"_wandb":{"runtime":15874},"epoch":99,"train_loss":0.700317199314924,"val_loss":0.054885112524249886,"_timestamp":1.728242145100498e+09,"_runtime":15874.857800483,"_step":99}