{"_step":99,"epoch":99,"train_loss":0.4530538360446738,"_wandb":{"runtime":711},"val_loss":0.05526475036715617,"_timestamp":1.7276517329985316e+09,"_runtime":711.364538514}