{"val_loss":0.0769847479229214,"_wandb":{"runtime":622},"_timestamp":1.7273755030027344e+09,"_runtime":622.330564644,"_step":99,"epoch":99,"train_loss":1.500044914377229}