{"_timestamp":1.7276302517250443e+09,"_wandb":{"runtime":705},"_runtime":705.314711897,"_step":99,"epoch":99,"train_loss":0.47056612802904246,"val_loss":0.0703026003153976}