{"_wandb":{"runtime":3445},"epoch":99,"train_loss":1.0532256152223423,"val_loss":0.06646555085610373,"_timestamp":1.728475629067289e+09,"_runtime":3445.732511516,"_step":99}