{"val_loss":0.058812261416856706,"_timestamp":1.727666935698374e+09,"_runtime":705.525154897,"_step":99,"_wandb":{"runtime":705},"epoch":99,"train_loss":0.4550364807858502}