{"train_loss":0.454358845729964,"val_loss":0.06105638531125298,"_timestamp":1.727587357882159e+09,"_runtime":700.860781089,"_wandb":{"runtime":700},"_step":99,"epoch":99}