{"_timestamp":1.7274526912758625e+09,"_runtime":643.090385638,"_step":99,"epoch":99,"train_loss":0.45131735062759376,"_wandb":{"runtime":643},"val_loss":0.05796951040960445}