{"epoch":99,"_wandb":{"runtime":3313},"train_loss":1.5850115530791806,"val_loss":0.0857167027719666,"_timestamp":1.7285189204396148e+09,"_runtime":3313.255861794,"_step":99}