{"_step":99,"epoch":99,"train_loss":0.4625478550297589,"val_loss":0.05552412975341757,"_timestamp":1.7275710363201463e+09,"_runtime":705.595779763,"_wandb":{"runtime":705}}