{"_wandb":{"runtime":623},"train_loss":0.6925754001066081,"val_loss":0.058924708675823105,"_timestamp":1.7273438714402146e+09,"_runtime":622.979785741,"_step":99,"epoch":99}