{"val_loss":0.07205391763076144,"_timestamp":1.727434547578562e+09,"_runtime":817.354187303,"_step":99,"_wandb":{"runtime":817},"epoch":99,"train_loss":1.2862878179563852}