{"_step":99,"epoch":99,"train_loss":0.5725971490979773,"val_loss":0.05503730463697101,"_wandb":{"runtime":630},"_timestamp":1.727421741667687e+09,"_runtime":630.165013106}