{"train_loss":0.7751287156456157,"val_loss":0.05533443364706779,"_timestamp":1.7282437076049986e+09,"_runtime":15837.828244423,"_step":99,"_wandb":{"runtime":15837},"epoch":99}