{"_timestamp":1.7281643474768841e+09,"_runtime":15921.452112486,"_step":99,"epoch":99,"train_loss":0.8341954516207131,"val_loss":0.05663938812607206,"_wandb":{"runtime":15921}}