{"_step":99,"_wandb":{"runtime":624},"epoch":99,"train_loss":0.6506064197582556,"val_loss":0.05378137183900436,"_timestamp":1.7273166588038905e+09,"_runtime":624.730546171}