{"_runtime":618.60310926,"_step":99,"epoch":99,"train_loss":0.5069120925363517,"val_loss":0.05437880156273002,"_wandb":{"runtime":618},"_timestamp":1.7273053506937408e+09}