{"train_loss":2.4173110839546785,"val_loss":0.08259362699586546,"_wandb":{"runtime":529},"_timestamp":1.7274385305297604e+09,"_runtime":523.039600132,"_step":64,"epoch":64}