{"_step":0,"_wandb":{"runtime":16},"epoch":0,"train_loss":30.88499698207665,"val_loss":70.93606230523999,"_timestamp":1.7276076621061199e+09,"_runtime":9.589725095}