{"_wandb":{"runtime":15737},"train_loss":1.3875759087208501,"val_loss":0.07294406492596703,"_timestamp":1.7283704459674637e+09,"_runtime":15737.717794865,"_step":99,"epoch":99}