{"epoch":99,"train_loss":0.4808236700287776,"val_loss":0.05576890344936686,"_timestamp":1.7275987807675998e+09,"_runtime":705.643112155,"_step":99,"_wandb":{"runtime":705}}