{"_timestamp":1.727334365326764e+09,"_runtime":625.932837268,"_step":99,"epoch":99,"_wandb":{"runtime":625},"train_loss":0.828032915363283,"val_loss":0.06520018766527735}