{"_step":0,"_wandb":{"runtime":13},"epoch":0,"train_loss":55.92136699077656,"val_loss":14.1108608459937,"_timestamp":1.7276515519590344e+09,"_runtime":9.176461028}