{"val_loss":0.05785487552201708,"_timestamp":1.7275565139114347e+09,"_runtime":696.712956951,"_wandb":{"runtime":696},"_step":99,"epoch":99,"train_loss":0.48369239620983173}