{"epoch":99,"train_loss":0.4680802964318161,"val_loss":0.06748036649447856,"_timestamp":1.727582342058348e+09,"_runtime":706.824675591,"_step":99,"_wandb":{"runtime":706}}