{"_wandb":{"runtime":16},"_runtime":9.745088459,"_step":0,"epoch":0,"train_loss":47.74629504542371,"val_loss":65.98272830054968,"_timestamp":1.727638213521361e+09}