{"_step":99,"_wandb":{"runtime":691},"epoch":99,"train_loss":0.45456394683621587,"val_loss":0.06577661509071228,"_timestamp":1.7275937381557863e+09,"_runtime":691.696790052}