{"val_loss":0.0701215551929262,"_timestamp":1.7276792640198655e+09,"_runtime":712.493719466,"_step":99,"epoch":99,"_wandb":{"runtime":712},"train_loss":0.5088779255113585}