{"_timestamp":1.7274409355350206e+09,"_runtime":1224.977825029,"_step":99,"epoch":99,"train_loss":0.7123762108828868,"_wandb":{"runtime":1225},"val_loss":0.057228964752444406}