{"_wandb":{"runtime":621},"epoch":99,"train_loss":0.6749341855219966,"val_loss":0.059213862911877704,"_timestamp":1.7273736114688594e+09,"_runtime":621.033212991,"_step":99}