{"train_loss":0.4773388664437008,"val_loss":0.07150562392175364,"_timestamp":1.727448110211644e+09,"_runtime":647.444001118,"_step":99,"_wandb":{"runtime":647},"epoch":99}