{"_wandb":{"runtime":3323},"epoch":99,"train_loss":0.8310263054995157,"val_loss":0.054960176078510746,"_timestamp":1.7285355746365116e+09,"_runtime":3323.464207461,"_step":99}