{"_runtime":701.829448479,"_step":99,"epoch":99,"train_loss":0.4511515661845952,"val_loss":0.058301452589257584,"_timestamp":1.7276323747295065e+09,"_wandb":{"runtime":701}}