{"_wandb":{"runtime":708},"epoch":99,"train_loss":0.4819658163614493,"val_loss":0.052975402483826387,"_timestamp":1.727639661756789e+09,"_runtime":708.294757217,"_step":99}