{"_timestamp":1.727610584468854e+09,"_runtime":710.124287031,"_step":99,"epoch":99,"train_loss":0.7208033385240656,"val_loss":0.057052637692525617,"_wandb":{"runtime":710}}