{"epoch":99,"train_loss":0.6274563784326107,"val_loss":0.0551081269127437,"_timestamp":1.7272851853035274e+09,"_runtime":624.909845366,"_wandb":{"runtime":624},"_step":99}