{"epoch":99,"train_loss":0.4493777638649744,"val_loss":0.0597124418601536,"_timestamp":1.7276633687559385e+09,"_wandb":{"runtime":712},"_runtime":712.361107849,"_step":99}