{"epoch":99,"train_loss":0.4597242032479069,"_wandb":{"runtime":643},"val_loss":0.06921378018373112,"_timestamp":1.7274513875603356e+09,"_runtime":643.1846259,"_step":99}