{"_wandb":{"runtime":624},"train_loss":0.6318231067299502,"val_loss":0.05782324431022631,"_timestamp":1.7273248801918945e+09,"_runtime":624.489656887,"_step":99,"epoch":99}