{"_runtime":621.029946464,"_step":99,"epoch":99,"train_loss":0.5382846344777648,"val_loss":0.05458091416383742,"_timestamp":1.7273047248163688e+09,"_wandb":{"runtime":621}}