{"val_loss":0.08280757759081889,"_timestamp":1.7273280420416338e+09,"_runtime":625.676139887,"_step":99,"epoch":99,"_wandb":{"runtime":625},"train_loss":1.5622339599279322}