{"_step":99,"epoch":99,"train_loss":0.5250552070425923,"val_loss":0.052731367962215975,"_timestamp":1.7273122434482071e+09,"_runtime":621.866502707,"_wandb":{"runtime":621}}