{"train_loss":0.49022125380712644,"val_loss":0.0767413105476317,"_wandb":{"runtime":708},"_timestamp":1.7276636220679882e+09,"_runtime":708.972042127,"_step":99,"epoch":99}