{"_wandb":{"runtime":624},"train_loss":1.5673338607371665,"val_loss":0.08207205815134794,"_timestamp":1.72729339505375e+09,"_runtime":624.756745138,"_step":99,"epoch":99}