{"_step":99,"epoch":99,"_wandb":{"runtime":698},"train_loss":0.6712135013207546,"val_loss":0.05705605864349267,"_timestamp":1.7276009875253463e+09,"_runtime":698.449660148}