{"_step":99,"epoch":99,"train_loss":0.4586994841398044,"val_loss":0.06865726360482177,"_timestamp":1.7275696103837028e+09,"_wandb":{"runtime":696},"_runtime":696.196263521}