{"_timestamp":1.727650312585568e+09,"_wandb":{"runtime":695},"_runtime":695.066480514,"_step":99,"epoch":99,"train_loss":0.44749331534271425,"val_loss":0.06459855059469968}