{"_step":99,"epoch":99,"train_loss":0.46343589737024166,"val_loss":0.05961094665009587,"_wandb":{"runtime":698},"_timestamp":1.7276711329029653e+09,"_runtime":698.285908148}