{"epoch":99,"train_loss":0.5596499722614902,"_wandb":{"runtime":818},"val_loss":0.05498142925704251,"_timestamp":1.72743039132298e+09,"_runtime":818.048274585,"_step":99}