{"epoch":99,"train_loss":1.1715065703598986,"val_loss":0.0689266200286076,"_timestamp":1.7282757365402863e+09,"_runtime":16034.769494606,"_step":99,"_wandb":{"runtime":16034}}