{"val_loss":0.057226362806623327,"_timestamp":1.7276448845688276e+09,"_runtime":696.938589632,"_wandb":{"runtime":696},"_step":99,"epoch":99,"train_loss":0.48069226426111783}