{"_wandb":{"runtime":619},"train_loss":1.279587108724133,"val_loss":0.07251509609229834,"_timestamp":1.7273945383564565e+09,"_runtime":619.25036736,"_step":99,"epoch":99}