{"val_loss":0.07187544522894448,"_timestamp":1.7273160247821438e+09,"_runtime":624.959103153,"_step":99,"_wandb":{"runtime":624},"epoch":99,"train_loss":1.3892384666695092}