{"val_loss":0.052906891682898013,"_timestamp":1.7275935431927404e+09,"_runtime":689.82448469,"_step":99,"_wandb":{"runtime":689},"epoch":99,"train_loss":0.46928676057448104}