{"_runtime":620.672612681,"_step":99,"epoch":99,"_wandb":{"runtime":620},"train_loss":0.8300076744631631,"val_loss":0.06313935938248243,"_timestamp":1.7273015819031177e+09}