{"epoch":99,"train_loss":0.46318610284023315,"val_loss":0.05939749108332312,"_timestamp":1.7276204244543166e+09,"_runtime":1145.942434776,"_step":99,"_wandb":{"runtime":1145}}