{"_runtime":16004.921256788,"_step":99,"_wandb":{"runtime":16004},"epoch":99,"train_loss":0.6586972158732194,"val_loss":0.05547064997092964,"_timestamp":1.7283387684858246e+09}