{"_runtime":690.115388037,"_wandb":{"runtime":690},"_step":99,"epoch":99,"train_loss":0.5070219165267021,"val_loss":0.05352813919148561,"_timestamp":1.7275761925183265e+09}