{"_wandb":{"runtime":626},"train_loss":0.5113296218192274,"val_loss":0.053422414206723265,"_timestamp":1.7274166633731256e+09,"_runtime":626.605834237,"_step":99,"epoch":99}