{"_timestamp":1.7272940227929256e+09,"_runtime":621.281386987,"_step":99,"epoch":99,"_wandb":{"runtime":621},"train_loss":1.5622274575009496,"val_loss":0.08197563428716141}