{"_timestamp":1.7276331057207806e+09,"_runtime":710.760526644,"_step":99,"epoch":99,"train_loss":0.44989937424434484,"val_loss":0.05710332837129836,"_wandb":{"runtime":710}}