{"val_loss":0.06672109851756045,"_timestamp":1.7273387972659442e+09,"_runtime":626.634980628,"_step":99,"epoch":99,"_wandb":{"runtime":626},"train_loss":0.9482397965633025}