{"epoch":99,"train_loss":0.615406786309597,"_wandb":{"runtime":703},"val_loss":0.05792131918897894,"_timestamp":1.727601698326396e+09,"_runtime":703.316188382,"_step":99}