{"val_loss":0.07943875786432883,"_wandb":{"runtime":620},"_timestamp":1.7272668326952336e+09,"_runtime":620.032349788,"_step":99,"epoch":99,"train_loss":1.5201559815230534}