{"_wandb":{"runtime":705},"epoch":99,"train_loss":0.450205503796618,"val_loss":0.06172000197763335,"_timestamp":1.727612163723008e+09,"_runtime":705.863930014,"_step":99}