{"epoch":99,"train_loss":0.6918817229465314,"val_loss":0.05669626744742489,"_timestamp":1.7276135042913165e+09,"_runtime":694.148864077,"_wandb":{"runtime":694},"_step":99}