{"epoch":99,"train_loss":0.6154053440377759,"val_loss":0.052889125379396724,"_timestamp":1.7276667175076537e+09,"_runtime":702.746929927,"_wandb":{"runtime":702},"_step":99}