{"val_loss":0.017430676205251468,"_timestamp":1.7272600139820285e+09,"_runtime":14.789584687,"_step":1,"_wandb":{"runtime":14},"epoch":1,"train_loss":0.47386792898781505}