{"_timestamp":1.7275504516013377e+09,"_wandb":{"runtime":710},"_runtime":710.848018076,"_step":99,"epoch":99,"train_loss":0.5729915658727008,"val_loss":0.05419983283240786}