{"_step":99,"epoch":99,"train_loss":1.0822201632628607,"val_loss":0.0674179158100402,"_wandb":{"runtime":633},"_timestamp":1.727409679449992e+09,"_runtime":633.596821572}