{"epoch":99,"train_loss":0.5094610380262738,"val_loss":0.05064178835575164,"_timestamp":1.7275890842031298e+09,"_runtime":707.032284572,"_step":99,"_wandb":{"runtime":707}}