{"epoch":99,"train_loss":0.46312283238483026,"val_loss":0.05295019884233962,"_wandb":{"runtime":710},"_timestamp":1.7276045459849737e+09,"_runtime":710.708035648,"_step":99}