{"train_loss":1.4461106367161134,"val_loss":0.07420054582104815,"_timestamp":1.7272674620158541e+09,"_runtime":622.409771475,"_step":99,"_wandb":{"runtime":622},"epoch":99}