{"_runtime":691.76459831,"_step":99,"_wandb":{"runtime":691},"epoch":99,"train_loss":0.45596883089835094,"val_loss":0.05628046382670075,"_timestamp":1.7275646349090228e+09}