{"_step":99,"_wandb":{"runtime":694},"epoch":99,"train_loss":0.45886846002764303,"val_loss":0.0692329406215736,"_timestamp":1.7276135710399933e+09,"_runtime":694.818156133}