{"train_loss":0.6770332662844936,"val_loss":0.059967132208979916,"_timestamp":1.7273951716436572e+09,"_runtime":626.310088795,"_wandb":{"runtime":626},"_step":99,"epoch":99}