{"_step":99,"epoch":99,"train_loss":0.9268222244438897,"_wandb":{"runtime":3331},"val_loss":0.06286349456459941,"_timestamp":1.728485638694292e+09,"_runtime":3331.308076686}