{"_timestamp":1.7275455761856039e+09,"_runtime":8.821169895,"_step":0,"_wandb":{"runtime":13},"epoch":0,"train_loss":28.238988924495185,"val_loss":17211.798924820738}