{"_runtime":16079.925928304,"_wandb":{"runtime":16079},"_step":99,"epoch":99,"train_loss":0.9043232776846097,"val_loss":0.05742215544473802,"_timestamp":1.7281961801948066e+09}