{"train_loss":0.5771753712934532,"_wandb":{"runtime":624},"val_loss":0.054811569278321384,"_timestamp":1.7273369028322618e+09,"_runtime":624.991340193,"_step":99,"epoch":99}