{"_step":99,"epoch":99,"train_loss":0.6221881273305625,"val_loss":0.05433715793471437,"_timestamp":1.7281959254151926e+09,"_runtime":15825.613189414,"_wandb":{"runtime":15825}}