{"val_loss":0.06733727022895507,"_timestamp":1.728562184841407e+09,"_runtime":3312.827609637,"_step":99,"_wandb":{"runtime":3312},"epoch":99,"train_loss":1.0724089665623555}