{"_step":99,"_wandb":{"runtime":703},"epoch":99,"train_loss":0.45833933663224974,"val_loss":0.06389110127009053,"_timestamp":1.7276742256037796e+09,"_runtime":703.056081294}