{"_wandb":{"runtime":13},"epoch":0,"train_loss":47.724983314258054,"val_loss":0.09125849399289226,"_timestamp":1.7276187066090374e+09,"_runtime":9.013658373,"_step":0}