{"_runtime":698.479650435,"_wandb":{"runtime":698},"_step":99,"epoch":99,"train_loss":0.4590807983419972,"val_loss":0.06670366219931026,"_timestamp":1.7276128696293561e+09}