{"_wandb":{"runtime":697},"_step":99,"epoch":99,"train_loss":0.5874119690107739,"val_loss":0.05239036697920133,"_timestamp":1.727624976064425e+09,"_runtime":697.539439356}