{"train_loss":0.6259971109988707,"_wandb":{"runtime":700},"val_loss":0.05569176169596882,"_timestamp":1.7275694102002828e+09,"_runtime":700.232555564,"_step":99,"epoch":99}