{"_runtime":15821.158719712,"_step":99,"epoch":99,"train_loss":0.7692164599248053,"_wandb":{"runtime":15821},"val_loss":0.05513377363155243,"_timestamp":1.7283395934029467e+09}