{"val_loss":0.056822266104002844,"_timestamp":1.7272744050753381e+09,"_wandb":{"runtime":625},"_runtime":625.58968321,"_step":99,"epoch":99,"train_loss":0.6310644219366102}