{"_runtime":3321.513608675,"_step":99,"epoch":99,"train_loss":0.852491917801952,"val_loss":0.05826281540387945,"_timestamp":1.7285522257301702e+09,"_wandb":{"runtime":3321}}