{"_wandb":{"runtime":624},"_step":99,"epoch":99,"train_loss":0.6465800629668913,"val_loss":0.05816236730432414,"_timestamp":1.7272649411548088e+09,"_runtime":624.180696383}