{"epoch":0,"train_loss":52.06137309018465,"val_loss":418683.84148392844,"_wandb":{"runtime":13},"_timestamp":1.7276651930453768e+09,"_runtime":9.73431057,"_step":0}