{"_wandb":{"runtime":708},"_runtime":708.915980681,"_step":99,"epoch":99,"train_loss":0.46669214273621445,"val_loss":0.07624251836834793,"_timestamp":1.7275505247051563e+09}