{"train_loss":0.4674273827407981,"val_loss":0.0559632182285929,"_timestamp":1.7276050497534816e+09,"_runtime":691.478092389,"_step":99,"_wandb":{"runtime":691},"epoch":99}