{"train_loss":0.9754448467784905,"val_loss":0.06326871669275308,"_wandb":{"runtime":3334},"_timestamp":1.7284923201395369e+09,"_runtime":3334.495937794,"_step":99,"epoch":99}