{"_runtime":623.274075457,"_step":99,"_wandb":{"runtime":623},"epoch":99,"train_loss":0.5215040572628553,"val_loss":0.05494689168621293,"_timestamp":1.7273318291790295e+09}