{"epoch":99,"train_loss":0.9894654201666296,"val_loss":0.06487016461775684,"_timestamp":1.7285555464316952e+09,"_runtime":3313.52401574,"_step":99,"_wandb":{"runtime":3313}}