{"val_loss":0.07151124178173418,"_timestamp":1.7272699816125522e+09,"_wandb":{"runtime":620},"_runtime":620.825209629,"_step":99,"epoch":99,"train_loss":1.3762699103789777}