{"val_loss":81676.60880215887,"_timestamp":1.7275620037197132e+09,"_runtime":8.977074664,"_step":0,"_wandb":{"runtime":13},"epoch":0,"train_loss":56.23457290928135}