{"val_loss":0.0638032348125842,"_timestamp":1.7285688386163356e+09,"_runtime":3319.985841329,"_step":99,"_wandb":{"runtime":3319},"epoch":99,"train_loss":0.9528625497244261}