{"_wandb":{"runtime":621},"train_loss":0.5209589408741386,"val_loss":0.05449475704045138,"_timestamp":1.727310987491259e+09,"_runtime":621.565689976,"_step":99,"epoch":99}