{"train_loss":0.8372363348093247,"val_loss":0.062216990447109974,"_timestamp":1.727632253021622e+09,"_runtime":702.15815128,"_step":99,"epoch":99,"_wandb":{"runtime":702}}