{"_wandb":{"runtime":3317},"_runtime":3317.69024911,"_step":99,"epoch":99,"train_loss":0.8579255702862477,"val_loss":0.05957854754499998,"_timestamp":1.728588826271233e+09}