{"val_loss":75.29789603648312,"_timestamp":1.7276652478893936e+09,"_runtime":16.23600512,"_step":1,"_wandb":{"runtime":20},"epoch":1,"train_loss":22.130616024294458}