{"_runtime":685.636428499,"_step":99,"epoch":99,"train_loss":0.4518409469181422,"val_loss":0.062415353015049836,"_timestamp":1.7276078937012935e+09,"_wandb":{"runtime":685}}