{"epoch":99,"_wandb":{"runtime":621},"train_loss":0.5995026047242611,"val_loss":0.05693499101461638,"_timestamp":1.7273172878080463e+09,"_runtime":621.726697417,"_step":99}