{"epoch":99,"train_loss":0.7490247387200327,"val_loss":0.053871214680109525,"_wandb":{"runtime":15960},"_timestamp":1.7281960927453547e+09,"_runtime":15960.664805496,"_step":99}