{"epoch":99,"train_loss":0.5503969703047122,"val_loss":0.053062745444867415,"_timestamp":1.7275481568428354e+09,"_runtime":707.540510297,"_step":99,"_wandb":{"runtime":707}}