{"_step":99,"_wandb":{"runtime":622},"epoch":99,"train_loss":1.0171380302428576,"val_loss":0.06680334070300077,"_timestamp":1.7273489624579551e+09,"_runtime":622.393059069}