{"_timestamp":1.7275891069745588e+09,"_runtime":15.489104633,"_step":1,"epoch":1,"_wandb":{"runtime":19},"train_loss":14.327299397554908,"val_loss":41.31174612061041}