{"_timestamp":1.7272712421083696e+09,"_runtime":622.515563233,"_step":99,"epoch":99,"_wandb":{"runtime":622},"train_loss":0.6248216296187755,"val_loss":0.0559644940904825}