{"epoch":99,"train_loss":0.48677451197475113,"val_loss":0.05893475967559061,"_wandb":{"runtime":692},"_timestamp":1.727563935762954e+09,"_runtime":692.416072503,"_step":99}