{"epoch":1,"train_loss":76.52568706306222,"val_loss":0.081314342379362,"_timestamp":1.7276689619501393e+09,"_runtime":16.167781012,"_step":1,"_wandb":{"runtime":20}}