{"_runtime":15827.680335078,"_wandb":{"runtime":15827},"_step":99,"epoch":99,"train_loss":1.5360619281574284,"val_loss":0.08267311893058793,"_timestamp":1.728243850063151e+09}