{"epoch":99,"train_loss":0.4545023576977303,"val_loss":0.0597113431343417,"_wandb":{"runtime":699},"_timestamp":1.7275830635047982e+09,"_runtime":699.992958768,"_step":99}