{"_wandb":{"runtime":696},"_runtime":696.117460938,"_step":99,"epoch":99,"train_loss":0.6157028450981706,"val_loss":0.05739514959006374,"_timestamp":1.7275642911868386e+09}