{"_step":99,"_wandb":{"runtime":11659},"epoch":99,"train_loss":0.7617171736984317,"val_loss":0.055351121892354735,"_timestamp":1.7283981596834104e+09,"_runtime":11659.053965802}