{"val_loss":0.06625054397080202,"_timestamp":1.7276606229645622e+09,"_runtime":1012.749569922,"_step":99,"_wandb":{"runtime":1012},"epoch":99,"train_loss":0.6193871012693174}