{"_runtime":626.633709181,"_step":99,"_wandb":{"runtime":626},"epoch":99,"train_loss":0.5642325163150067,"val_loss":0.05355925646265312,"_timestamp":1.7273432410530283e+09}