{"_timestamp":1.727326777620539e+09,"_runtime":623.487183343,"_step":99,"_wandb":{"runtime":623},"epoch":99,"train_loss":0.5701479097087812,"val_loss":0.055355222560467765}