{"_runtime":696.373007627,"_step":99,"_wandb":{"runtime":696},"epoch":99,"train_loss":0.4570147920288042,"val_loss":0.05680496491567077,"_timestamp":1.7276445093679376e+09}