{"_timestamp":1.7276220599097176e+09,"_runtime":9.358920086,"_step":0,"_wandb":{"runtime":16},"epoch":0,"train_loss":10.031890232941526,"val_loss":0.1190256230755471}