{"val_loss":0.052174036050029966,"_timestamp":1.7275709392810571e+09,"_runtime":704.221523252,"_step":99,"epoch":99,"train_loss":0.5430281675526716,"_wandb":{"runtime":704}}