{"_timestamp":1.7273870952537446e+09,"_runtime":649.34041612,"_step":99,"_wandb":{"runtime":649},"epoch":99,"train_loss":0.5982297858198917,"val_loss":0.056167593382334374}