{"_runtime":15867.602172571,"_step":99,"_wandb":{"runtime":15867},"epoch":99,"train_loss":0.6614486655961784,"val_loss":0.05404497696118972,"_timestamp":1.7283712690653446e+09}