{"_step":99,"epoch":99,"train_loss":0.6310089547815307,"val_loss":0.05625342910980617,"_timestamp":1.7276726146878877e+09,"_wandb":{"runtime":710},"_runtime":710.895472907}