{"epoch":99,"train_loss":0.4823692823908439,"val_loss":0.058317021134044945,"_wandb":{"runtime":701},"_timestamp":1.7275913603978186e+09,"_runtime":701.065466041,"_step":99}