{"epoch":99,"train_loss":0.5439300299281571,"val_loss":0.056563358343229606,"_timestamp":1.7273983033157046e+09,"_runtime":620.448131114,"_step":99,"_wandb":{"runtime":620}}