{"val_loss":0.06488408868438457,"_timestamp":1.7273483332841976e+09,"_runtime":621.580626409,"_step":99,"epoch":99,"train_loss":0.8208424494995847,"_wandb":{"runtime":621}}