{"_wandb":{"runtime":15822},"_timestamp":1.7282596881552823e+09,"_runtime":15822.15073507,"_step":99,"epoch":99,"train_loss":1.5877764528463398,"val_loss":0.08579016940399276}