{"_wandb":{"runtime":622},"epoch":99,"train_loss":0.6509161820551708,"val_loss":0.057913535690519095,"_timestamp":1.7272915018532057e+09,"_runtime":622.922540501,"_step":99}