{"_wandb":{"runtime":622},"train_loss":0.689499345640637,"val_loss":0.05816711578152013,"_timestamp":1.7273299376980765e+09,"_runtime":622.51926938,"_step":99,"epoch":99}