{"epoch":99,"train_loss":0.6560626997088878,"val_loss":0.061002480022515085,"_timestamp":1.7276704045378995e+09,"_runtime":705.792734804,"_wandb":{"runtime":705},"_step":99}