{"_wandb":{"runtime":15992},"epoch":99,"train_loss":0.7072789423413185,"val_loss":0.05344797915376649,"_timestamp":1.7282597033200982e+09,"_runtime":15992.066379321,"_step":99}