{"val_loss":0.05513667055473165,"_timestamp":1.7284511647556703e+09,"_runtime":3481.110616613,"_step":99,"_wandb":{"runtime":3481},"epoch":99,"train_loss":0.6218587644167821}