{"_step":99,"epoch":99,"_wandb":{"runtime":619},"train_loss":0.5332375258024996,"val_loss":0.051765410526869816,"_timestamp":1.727311614234305e+09,"_runtime":619.481750653}