{"_timestamp":1.727371090085428e+09,"_runtime":625.565750877,"_step":99,"_wandb":{"runtime":625},"epoch":99,"train_loss":0.5336837498446125,"val_loss":0.052465890786958035}