{"_step":99,"_wandb":{"runtime":911},"epoch":99,"train_loss":0.46181854991289645,"val_loss":0.05804131789354602,"_timestamp":1.7274434755699823e+09,"_runtime":911.593977348}