{"_step":99,"_wandb":{"runtime":703},"epoch":99,"train_loss":0.46616908744995417,"val_loss":0.07531598371849721,"_timestamp":1.7276001071376586e+09,"_runtime":703.486842225}