{"_timestamp":1.72766515786412e+09,"_runtime":16.202413947,"_step":1,"epoch":1,"train_loss":38.37362018832459,"val_loss":3.001748886615393,"_wandb":{"runtime":20}}