{"train_loss":0.44991433844778717,"val_loss":0.06258044731969535,"_timestamp":1.727551947633523e+09,"_runtime":699.669918849,"_step":99,"_wandb":{"runtime":699},"epoch":99}