{"_wandb":{"runtime":683},"_step":99,"epoch":99,"train_loss":0.4563331460487055,"val_loss":0.06484779521760525,"_timestamp":1.7275717236378655e+09,"_runtime":683.718072268}