{"train_loss":0.4549625993807454,"val_loss":0.058389331725803253,"_timestamp":1.7276612068401024e+09,"_runtime":793.662180749,"_wandb":{"runtime":793},"_step":99,"epoch":99}