{"val_loss":0.06499889683639361,"_timestamp":1.727402082684425e+09,"_runtime":619.907288847,"_step":99,"_wandb":{"runtime":619},"epoch":99,"train_loss":0.9745141291736573}