{"_runtime":646.323206703,"_step":99,"_wandb":{"runtime":646},"epoch":99,"train_loss":0.4671520574176897,"val_loss":0.06933250630540067,"_timestamp":1.727448764137582e+09}