{"_runtime":693.543243862,"_step":99,"_wandb":{"runtime":693},"epoch":99,"train_loss":0.6203807512193104,"val_loss":0.053630302047604536,"_timestamp":1.7275754950192888e+09}