{"_wandb":{"runtime":11163},"epoch":99,"train_loss":1.08538057718803,"val_loss":0.06473459391028243,"_timestamp":1.728398607996018e+09,"_runtime":11163.387231352,"_step":99}