{"_runtime":621.392258153,"_step":99,"epoch":99,"_wandb":{"runtime":621},"train_loss":1.0730139305028124,"val_loss":0.0675259608681929,"_timestamp":1.7274039702784748e+09}