{"_runtime":623.794543041,"_step":99,"_wandb":{"runtime":623},"epoch":99,"train_loss":0.5922939673039765,"val_loss":0.0547739735529641,"_timestamp":1.7273691974752753e+09}