{"train_loss":0.7989513285040492,"val_loss":0.05574743745130049,"_timestamp":1.7282433932687726e+09,"_wandb":{"runtime":16030},"_runtime":16030.495728076,"_step":99,"epoch":99}