{"train_loss":0.7080646588617775,"val_loss":0.05359526757701215,"_timestamp":1.7276420057995453e+09,"_runtime":700.328920312,"_step":99,"_wandb":{"runtime":700},"epoch":99}