{"train_loss":0.7600019562365515,"val_loss":0.059448699403397934,"_timestamp":1.727592084256996e+09,"_wandb":{"runtime":702},"_runtime":702.69107975,"_step":99,"epoch":99}