{"train_loss":0.45204144342868197,"val_loss":0.05787743035767671,"_timestamp":1.7274520402117698e+09,"_runtime":643.737272049,"_step":99,"_wandb":{"runtime":643},"epoch":99}