{"epoch":99,"train_loss":0.6051310383845666,"val_loss":0.05309725350601731,"_timestamp":1.7275995106042333e+09,"_runtime":708.42700731,"_step":99,"_wandb":{"runtime":708}}