{"_wandb":{"runtime":691},"_runtime":691.424161019,"_step":99,"epoch":99,"train_loss":0.6487148336740249,"val_loss":0.055809183990987124,"_timestamp":1.7276389322386537e+09}