{"epoch":99,"train_loss":0.48391700551916894,"val_loss":0.05560411502371549,"_timestamp":1.7276819351134305e+09,"_runtime":718.325121053,"_wandb":{"runtime":718},"_step":99}