{"_runtime":12259.806402344,"_step":99,"epoch":99,"_wandb":{"runtime":12259},"train_loss":0.9161790964731154,"val_loss":0.062428269805633076,"_timestamp":1.7283973612492602e+09}