{"val_loss":0.06213425085581491,"_timestamp":1.7284823001696339e+09,"_runtime":3323.101411338,"_step":99,"epoch":99,"train_loss":0.9623378402013161,"_wandb":{"runtime":3323}}