{"_timestamp":1.7275852258015928e+09,"_runtime":700.842198481,"_wandb":{"runtime":700},"_step":99,"epoch":99,"train_loss":0.45632895678375024,"val_loss":0.06707891784026213}