{"epoch":99,"train_loss":0.6129859135380636,"val_loss":0.051789823841753416,"_timestamp":1.7276285380177875e+09,"_runtime":695.3128149,"_wandb":{"runtime":695},"_step":99}