{"epoch":99,"train_loss":0.6031545622027726,"val_loss":0.05917949626298037,"_timestamp":1.7276054652844744e+09,"_runtime":701.774554724,"_step":99,"_wandb":{"runtime":701}}