{"_step":99,"epoch":99,"train_loss":0.47642027943580173,"_wandb":{"runtime":696},"val_loss":0.05458941223625405,"_timestamp":1.72764418100192e+09,"_runtime":696.959889267}