{"train_loss":1.0474128265680587,"val_loss":0.07274082865238607,"_timestamp":1.7275770199984598e+09,"_runtime":695.425344988,"_step":99,"epoch":99,"_wandb":{"runtime":695}}