{"train_loss":0.6448910433695364,"_wandb":{"runtime":621},"val_loss":0.05867809684980819,"_timestamp":1.7272687244512932e+09,"_runtime":621.826701563,"_step":99,"epoch":99}