{"_step":99,"epoch":99,"train_loss":0.49807247357805623,"val_loss":0.053019118638432776,"_wandb":{"runtime":710},"_timestamp":1.727552735093567e+09,"_runtime":710.862934417}