{"_step":0,"_wandb":{"runtime":12},"epoch":0,"train_loss":85.38946672958822,"val_loss":0.8837713547708841,"_timestamp":1.7275717726929915e+09,"_runtime":8.84789801}