{"epoch":99,"train_loss":0.6983073307072846,"_wandb":{"runtime":707},"val_loss":0.06514851417516371,"_timestamp":1.7276718619398415e+09,"_runtime":707.25850227,"_step":99}