{"_wandb":{"runtime":697},"val_loss":0.0650366437295049,"_timestamp":1.7276770752296715e+09,"_runtime":697.143208688,"_step":99,"epoch":99,"train_loss":0.4532812080347764}