{"epoch":99,"train_loss":1.6009339784138579,"val_loss":0.08674038127907852,"_timestamp":1.7284956578414202e+09,"_wandb":{"runtime":3329},"_runtime":3329.860185634,"_step":99}