{"val_loss":0.08201029193102884,"_timestamp":1.7284091372478056e+09,"_wandb":{"runtime":3528},"_runtime":3528.340137106,"_step":99,"epoch":99,"train_loss":1.539071328124916}