{"_step":99,"epoch":99,"train_loss":1.0905095882373088,"_wandb":{"runtime":3488},"val_loss":0.06527562933327043,"_timestamp":1.7284266997106066e+09,"_runtime":3488.207661487}