{"epoch":99,"train_loss":0.5752721132191448,"val_loss":0.05569112268001117,"_timestamp":1.7273826330964448e+09,"_runtime":623.313248119,"_step":99,"_wandb":{"runtime":623}}