{"_wandb":{"runtime":626},"epoch":99,"train_loss":0.5204447434881047,"val_loss":0.05240393122096326,"_timestamp":1.727423638386704e+09,"_runtime":626.003863143,"_step":99}