{"_wandb":{"runtime":623},"train_loss":0.5569345415839003,"val_loss":0.053709324143684345,"_timestamp":1.7274027130458355e+09,"_runtime":623.418963864,"_step":99,"epoch":99}