{"val_loss":0.0645785656876045,"_timestamp":1.7276338161837676e+09,"_wandb":{"runtime":703},"_runtime":703.199397994,"_step":99,"epoch":99,"train_loss":0.45309086811500127}