{"_step":0,"epoch":0,"train_loss":10.474662955183323,"val_loss":120429.22196646323,"_timestamp":1.7274467982443666e+09,"_wandb":{"runtime":12},"_runtime":8.398489629}