{"epoch":99,"train_loss":1.2584085918529853,"val_loss":0.07220046437142033,"_timestamp":1.7274115752075958e+09,"_runtime":625.132367867,"_step":99,"_wandb":{"runtime":625}}