{"_timestamp":1.7272952781978378e+09,"_runtime":620.815951169,"_step":99,"_wandb":{"runtime":620},"epoch":99,"train_loss":0.5378165298893018,"val_loss":0.05487071497524687}