{"_timestamp":1.7285155999827783e+09,"_runtime":3308.501870005,"_step":99,"_wandb":{"runtime":3308},"epoch":99,"train_loss":1.0001949057014634,"val_loss":0.06260028123650598}