{"epoch":99,"train_loss":0.5740114488595951,"_wandb":{"runtime":16099},"val_loss":0.05136250848795529,"_timestamp":1.728323756115398e+09,"_runtime":16099.048561728,"_step":99}