{"_timestamp":1.7272877082326536e+09,"_runtime":622.483494295,"_step":99,"epoch":99,"train_loss":0.5209157930132228,"val_loss":0.05255591059468194,"_wandb":{"runtime":622}}