{"train_loss":1.2695578848619335,"val_loss":0.06962619889433387,"_timestamp":1.7285755026408308e+09,"_runtime":3323.879573669,"_step":99,"_wandb":{"runtime":3323},"epoch":99}