{"train_loss":0.8789485025685272,"val_loss":0.06639438195839081,"_timestamp":1.7273495984274511e+09,"_wandb":{"runtime":628},"_runtime":628.292918622,"_step":99,"epoch":99}