{"val_loss":0.055982654458103555,"_timestamp":1.7276367494483583e+09,"_runtime":718.773450484,"_step":99,"_wandb":{"runtime":718},"epoch":99,"train_loss":0.47607564004887054}