{"_wandb":{"runtime":700},"epoch":99,"train_loss":0.45450684115329837,"val_loss":0.06296776825836309,"_timestamp":1.7275915992686338e+09,"_runtime":700.566910047,"_step":99}