{"_wandb":{"runtime":647},"val_loss":0.06954677954086945,"_timestamp":1.7273864370805073e+09,"_runtime":647.226142755,"_step":99,"epoch":99,"train_loss":1.1815765563234524}