{"val_loss":0.08280666318082126,"_timestamp":1.7285056380244284e+09,"_runtime":3317.384409534,"_step":99,"epoch":99,"train_loss":1.5446017661285518,"_wandb":{"runtime":3317}}