{"train_loss":0.6832342158866963,"_wandb":{"runtime":15802},"val_loss":0.055349914441626076,"_timestamp":1.7282579643124335e+09,"_runtime":15802.300456042,"_step":99,"epoch":99}