{"epoch":0,"train_loss":0.5261271005648279,"val_loss":0.016661459310466517,"_wandb":{"runtime":12},"_timestamp":1.727255357252919e+09,"_runtime":8.353663886,"_step":0}