{"epoch":99,"train_loss":1.0855330172908566,"val_loss":0.06739971423164211,"_timestamp":1.7284197074298184e+09,"_runtime":3494.225442123,"_step":99,"_wandb":{"runtime":3494}}