{"_step":99,"_wandb":{"runtime":15927},"epoch":99,"train_loss":0.6660748817259046,"val_loss":0.05417559937642224,"_timestamp":1.7282910465858674e+09,"_runtime":15927.846909437}