{"epoch":99,"train_loss":0.6071850118997159,"_wandb":{"runtime":15869},"val_loss":0.05401137977408377,"_timestamp":1.7283076241721556e+09,"_runtime":15869.501285618,"_step":99}