{"_wandb":{"runtime":630},"epoch":99,"train_loss":0.8642085280907921,"val_loss":0.06391481603823668,"_timestamp":1.7274135134343383e+09,"_runtime":630.866625604,"_step":99}