{"_runtime":707.499224637,"_step":99,"_wandb":{"runtime":707},"epoch":99,"train_loss":0.4751020154537065,"val_loss":0.0714876746556794,"_timestamp":1.7276647962320251e+09}