{"epoch":99,"train_loss":0.5189998101957111,"val_loss":0.05271271365097152,"_timestamp":1.727282026577621e+09,"_runtime":623.977298858,"_wandb":{"runtime":624},"_step":99}