{"_runtime":706.235905743,"_step":99,"_wandb":{"runtime":706},"epoch":99,"train_loss":0.452368847454617,"val_loss":0.059398188731045194,"_timestamp":1.727546977866458e+09}