{"_runtime":712.1178633,"_step":99,"epoch":99,"train_loss":0.5598281494155859,"val_loss":0.05430086849943741,"_wandb":{"runtime":712},"_timestamp":1.7276778784419048e+09}