{"epoch":99,"train_loss":0.5062339340039915,"val_loss":0.054368224150132795,"_timestamp":1.7274287909400406e+09,"_runtime":671.183428443,"_step":99,"_wandb":{"runtime":671}}