{"_timestamp":1.7274295648527303e+09,"_runtime":766.37964818,"_step":99,"epoch":99,"_wandb":{"runtime":766},"train_loss":0.5163203532035362,"val_loss":0.05408524511718596}