{"_wandb":{"runtime":682},"_step":99,"epoch":99,"train_loss":0.4626849647982059,"val_loss":0.056580556467108425,"_timestamp":1.7275717265237656e+09,"_runtime":682.846002853}