{"epoch":99,"train_loss":0.5073212918797659,"val_loss":0.05437643037553132,"_wandb":{"runtime":619},"_timestamp":1.7273970492722785e+09,"_runtime":619.683743859,"_step":99}