{"_wandb":{"runtime":693},"_step":99,"epoch":99,"train_loss":0.4529134671159784,"val_loss":0.05582733295905664,"_timestamp":1.7276388080054023e+09,"_runtime":693.135217444}