{"_wandb":{"runtime":623},"epoch":99,"train_loss":0.5665350016236005,"val_loss":0.05526461849265911,"_timestamp":1.7273660380697746e+09,"_runtime":623.48458388,"_step":99}