{"_wandb":{"runtime":15892},"epoch":99,"train_loss":1.5888445129550113,"val_loss":0.08595458979037301,"_timestamp":1.7282756122166698e+09,"_runtime":15892.305766009,"_step":99}