{"_runtime":617.613503707,"_step":99,"_wandb":{"runtime":617},"epoch":99,"train_loss":1.233963310777726,"val_loss":0.07161648364317996,"_timestamp":1.727310358973987e+09}