{"_step":99,"epoch":99,"_wandb":{"runtime":684},"train_loss":0.9325403115562779,"val_loss":0.06747049045357982,"_timestamp":1.7273932829707634e+09,"_runtime":684.861570028}