{"train_loss":0.887880821258597,"val_loss":0.06395631745048702,"_timestamp":1.727298433707873e+09,"_runtime":622.07243596,"_wandb":{"runtime":622},"_step":99,"epoch":99}