{"train_loss":0.8173856116938588,"val_loss":0.06291468453609214,"_timestamp":1.7273609468519464e+09,"_runtime":625.32618739,"_step":99,"_wandb":{"runtime":625},"epoch":99}