{"_timestamp":1.7283714902671115e+09,"_runtime":16006.885157573,"_step":99,"_wandb":{"runtime":16006},"epoch":99,"train_loss":0.6157972395317971,"val_loss":0.05563423676626199}