{"_timestamp":1.7272731417419548e+09,"_wandb":{"runtime":627},"_runtime":627.047285691,"_step":99,"epoch":99,"train_loss":0.6524613629642113,"val_loss":0.05587302882034609}