{"_timestamp":1.7281796042314408e+09,"_runtime":15668.331116744,"_step":99,"_wandb":{"runtime":15668},"epoch":99,"train_loss":0.8215376793202088,"val_loss":0.05522654380663598}