{"val_loss":0.06019653570286707,"_timestamp":1.7276029266356633e+09,"_runtime":692.125464885,"_step":99,"_wandb":{"runtime":692},"epoch":99,"train_loss":0.4504076580461095}