{"val_loss":7674.698515562892,"_timestamp":1.7276523371834087e+09,"_runtime":9.309837569,"_step":0,"_wandb":{"runtime":13},"epoch":0,"train_loss":75.96497394013281}