{"train_loss":0.6194947249240522,"val_loss":0.05748055524501873,"_timestamp":1.7275867456434426e+09,"_runtime":703.825413625,"_step":99,"_wandb":{"runtime":703},"epoch":99}