{"_step":99,"epoch":99,"train_loss":0.6795720950505665,"val_loss":0.057114364708824056,"_wandb":{"runtime":717},"_timestamp":1.727667443351326e+09,"_runtime":717.912602699}