{"_wandb":{"runtime":692},"_step":99,"epoch":99,"train_loss":0.6521349928613601,"val_loss":0.05706534811744454,"_timestamp":1.7276023985962067e+09,"_runtime":692.703339536}