{"val_loss":0.05318620859774251,"_timestamp":1.727416030091861e+09,"_runtime":623.104357615,"_step":99,"_wandb":{"runtime":623},"epoch":99,"train_loss":0.5137551912422801}