{"_wandb":{"runtime":623},"epoch":99,"train_loss":0.6042923732000782,"val_loss":0.055951064494539134,"_timestamp":1.7274223728091393e+09,"_runtime":623.809707548,"_step":99}