{"_runtime":624.820503698,"_step":99,"_wandb":{"runtime":624},"epoch":99,"train_loss":0.5977061705928133,"val_loss":0.05680574990260919,"_timestamp":1.7272858174932547e+09}