{"_timestamp":1.7273191850834394e+09,"_runtime":624.852263469,"_step":99,"epoch":99,"_wandb":{"runtime":624},"train_loss":0.5438038214685973,"val_loss":0.05142411609892241}