{"_step":99,"_wandb":{"runtime":696},"epoch":99,"train_loss":0.4663865752351074,"val_loss":0.08067317829868399,"_timestamp":1.7276662222704732e+09,"_runtime":696.810275205}