{"_timestamp":1.7276230779688873e+09,"_runtime":687.332597441,"_step":99,"_wandb":{"runtime":687},"epoch":99,"train_loss":0.4582709064137533,"val_loss":0.057427383951869526}