{"_wandb":{"runtime":697},"_runtime":697.129682214,"_step":99,"epoch":99,"train_loss":0.4536084121076315,"val_loss":0.05464633772905802,"_timestamp":1.7275901896925325e+09}