{"train_loss":0.536320354600079,"val_loss":0.05391094868722408,"_timestamp":1.7273704572156231e+09,"_runtime":623.162050758,"_step":99,"epoch":99,"_wandb":{"runtime":623}}