{"train_loss":1.5638903782312183,"val_loss":0.08198002266275395,"_timestamp":1.7272826597830374e+09,"_runtime":625.932677382,"_step":99,"_wandb":{"runtime":625},"epoch":99}