{"train_loss":1.2171922986603292,"_wandb":{"runtime":627},"val_loss":0.0703661326829667,"_timestamp":1.7273641258681645e+09,"_runtime":627.07051557,"_step":99,"epoch":99}