{"_timestamp":1.7281627478597414e+09,"_runtime":15908.478269777,"_step":99,"_wandb":{"runtime":15908},"epoch":99,"train_loss":0.8734242826479116,"val_loss":0.05936260340770328}