{"_wandb":{"runtime":12},"epoch":0,"train_loss":27.00662760106886,"val_loss":13.506562980516854,"_timestamp":1.727639732594847e+09,"_runtime":8.761715401,"_step":0}