{"_wandb":{"runtime":15850},"train_loss":1.588853436809847,"val_loss":0.0858787018398902,"_timestamp":1.7282276527008457e+09,"_runtime":15850.369923588,"_step":99,"epoch":99}