{"_runtime":632.241848585,"_step":99,"epoch":99,"train_loss":0.6622692033791806,"val_loss":0.0591903749290362,"_wandb":{"runtime":632},"_timestamp":1.7272801299114304e+09}