{"_step":99,"_wandb":{"runtime":635},"epoch":99,"train_loss":0.9607820404379173,"val_loss":0.06442819001973286,"_timestamp":1.7272775882751062e+09,"_runtime":635.551330087}