{"_runtime":15902.494752382,"_step":99,"_wandb":{"runtime":15902},"epoch":99,"train_loss":0.7752307451229344,"val_loss":0.054369238853708986,"_timestamp":1.728322745886112e+09}