{"epoch":99,"train_loss":1.4208004551722606,"val_loss":0.07266826162074588,"_wandb":{"runtime":617},"_timestamp":1.7273034685771515e+09,"_runtime":617.992061328,"_step":99}