{"epoch":76,"train_loss":1.3251744843338376,"val_loss":0.07837766154858392,"_timestamp":1.7274351994213257e+09,"_runtime":643.238493977,"_step":76,"_wandb":{"runtime":649}}