{"val_loss":0.06523273430295093,"_timestamp":1.7285222409120815e+09,"_runtime":3313.978239781,"_step":99,"_wandb":{"runtime":3314},"epoch":99,"train_loss":0.9982076823031651}