{"_timestamp":1.7284687029111524e+09,"_wandb":{"runtime":3524},"_runtime":3524.692274827,"_step":99,"epoch":99,"train_loss":0.7780745317804254,"val_loss":0.055406061494831606}