{"_timestamp":1.7273698267587056e+09,"_runtime":622.234123123,"_step":99,"_wandb":{"runtime":622},"epoch":99,"train_loss":0.5161072777173713,"val_loss":0.056470880359160924}