{"_runtime":687.437313799,"_step":99,"_wandb":{"runtime":687},"epoch":99,"train_loss":2.6517970433237217,"val_loss":0.09046544202499443,"_timestamp":1.727630768721857e+09}