{"epoch":99,"train_loss":0.6616733242367102,"val_loss":0.056873859263137705,"_timestamp":1.7275657788232284e+09,"_runtime":696.564356422,"_step":99,"_wandb":{"runtime":696}}