{"_timestamp":1.7275611182772918e+09,"_runtime":690.038874365,"_step":99,"_wandb":{"runtime":690},"epoch":99,"train_loss":0.46968322047939676,"val_loss":0.07096893716372388}