{"_wandb":{"runtime":634},"_step":99,"epoch":99,"train_loss":0.9904602519603812,"val_loss":0.06623190426202662,"_timestamp":1.727321091943971e+09,"_runtime":634.292983202}