{"val_loss":0.06419629652034961,"_timestamp":1.7272737726256342e+09,"_runtime":623.424347475,"_step":99,"_wandb":{"runtime":623},"epoch":99,"train_loss":0.7408280158181582}