{"_step":99,"epoch":99,"_wandb":{"runtime":622},"train_loss":1.278233994177739,"val_loss":0.07207113972026101,"_timestamp":1.7272693543036954e+09,"_runtime":621.973731275}