{"_step":99,"epoch":99,"train_loss":1.1777919153859824,"_wandb":{"runtime":15877},"val_loss":0.06807805834033945,"_timestamp":1.7281641665684733e+09,"_runtime":15877.582025795}