{"_timestamp":1.7272706126108303e+09,"_runtime":623.658145305,"_step":99,"_wandb":{"runtime":623},"epoch":99,"train_loss":1.1551528107656162,"val_loss":0.06914818857515967}