{"_timestamp":1.727410942448808e+09,"_runtime":622.828406967,"_step":99,"_wandb":{"runtime":622},"epoch":99,"train_loss":0.7249397912916365,"val_loss":0.06317293938694188}