{"train_loss":0.6546202349270571,"val_loss":0.056069800594588645,"_timestamp":1.7273242482668812e+09,"_runtime":623.282531374,"_step":99,"epoch":99,"_wandb":{"runtime":623}}