{"_timestamp":1.727263678777085e+09,"_runtime":631.146253651,"_step":99,"_wandb":{"runtime":631},"epoch":99,"train_loss":0.7344631260491228,"val_loss":0.06373466015944168}