{"_wandb":{"runtime":688},"_timestamp":1.7276763948560405e+09,"_runtime":688.446986159,"_step":99,"epoch":99,"train_loss":0.6488983760622405,"val_loss":0.059825540065542485}