{"train_loss":0.894567423790282,"val_loss":0.06248117633544893,"_timestamp":1.7273198189815116e+09,"_runtime":626.760063652,"_step":99,"epoch":99,"_wandb":{"runtime":626}}