{"_step":99,"epoch":99,"train_loss":0.7017660751454173,"val_loss":0.05901673707684582,"_timestamp":1.7273884802247283e+09,"_wandb":{"runtime":707},"_runtime":707.353074602}