{"_timestamp":1.7273407058708427e+09,"_runtime":627.87465221,"_step":99,"epoch":99,"_wandb":{"runtime":627},"train_loss":1.0618218542525024,"val_loss":0.06632610265582481}