{"train_loss":0.7659341126510987,"val_loss":0.0650522980171454,"_timestamp":1.7273877635871112e+09,"_runtime":661.216850425,"_step":99,"_wandb":{"runtime":661},"epoch":99}