{"_wandb":{"runtime":704},"epoch":99,"train_loss":0.45478212245175803,"val_loss":0.0580793386367003,"_timestamp":1.727579495245669e+09,"_runtime":704.347807619,"_step":99}