{"train_loss":0.9017950520193675,"val_loss":0.06365988007873032,"_timestamp":1.7273078556630645e+09,"_runtime":618.317313474,"_step":99,"epoch":99,"_wandb":{"runtime":618}}