{"train_loss":0.9126519612207583,"val_loss":0.06378411308431628,"_timestamp":1.7273584179982421e+09,"_runtime":622.248321735,"_step":99,"_wandb":{"runtime":622},"epoch":99}