{"val_loss":0.05708577441294532,"_timestamp":1.7276842515031872e+09,"_runtime":711.251426016,"_step":99,"_wandb":{"runtime":711},"epoch":99,"train_loss":0.4523670208183556}