{"_step":99,"_wandb":{"runtime":714},"epoch":99,"train_loss":0.4566159759634771,"val_loss":0.058105152586353966,"_timestamp":1.7276786129807715e+09,"_runtime":714.017688745}