{"_wandb":{"runtime":711},"_timestamp":1.727608611929701e+09,"_runtime":711.546540158,"_step":99,"epoch":99,"train_loss":0.4836168404976176,"val_loss":0.0679258420873029}