{"epoch":99,"train_loss":0.45489219491195243,"val_loss":0.0558596618248095,"_timestamp":1.727554090954044e+09,"_runtime":701.357336941,"_step":99,"_wandb":{"runtime":701}}