{"val_loss":0.06739679087922083,"_timestamp":1.7285821757764332e+09,"_runtime":3324.905355846,"_step":99,"epoch":99,"_wandb":{"runtime":3324},"train_loss":1.189383809441708}