{"_timestamp":1.7275908896961672e+09,"_wandb":{"runtime":679},"_runtime":679.966482384,"_step":99,"epoch":99,"train_loss":0.465794350721782,"val_loss":0.07239066123991988}