{"val_loss":0.05791368769320478,"_timestamp":1.7275512404768906e+09,"_runtime":708.339633556,"_step":99,"epoch":99,"train_loss":0.452445216812634,"_wandb":{"runtime":708}}