{"_runtime":695.94531333,"_step":99,"epoch":99,"_wandb":{"runtime":695},"train_loss":0.5036774711204444,"val_loss":0.05421567949676227,"_timestamp":1.727554205669912e+09}