{"val_loss":0.05379105858823313,"_timestamp":1.7284546580228276e+09,"_runtime":3485.924134831,"_step":99,"epoch":99,"train_loss":0.6684018641335406,"_wandb":{"runtime":3485}}