{"_runtime":694.477571738,"_step":99,"epoch":99,"_wandb":{"runtime":694},"train_loss":0.6503220158713434,"val_loss":0.059064064488355064,"_timestamp":1.7275813741052177e+09}