{"epoch":99,"_wandb":{"runtime":696},"train_loss":0.4525828141012031,"val_loss":0.06277310707179627,"_timestamp":1.7276309549553893e+09,"_runtime":696.36368174,"_step":99}