{"train_loss":1.4980631818534107,"val_loss":0.07664615102788226,"_timestamp":1.72735715771659e+09,"_runtime":619.8045858,"_step":99,"_wandb":{"runtime":619},"epoch":99}