{"train_loss":0.45040088520103855,"val_loss":0.06335970452170442,"_timestamp":1.727559721180677e+09,"_runtime":695.787409128,"_wandb":{"runtime":695},"_step":99,"epoch":99}