{"_step":99,"_wandb":{"runtime":700},"epoch":99,"train_loss":0.4750532668167593,"val_loss":0.053258392845849406,"_timestamp":1.7275462876012518e+09,"_runtime":700.152377187}