{"_wandb":{"runtime":15999},"_timestamp":1.728210353217146e+09,"_runtime":15999.09452963,"_step":99,"epoch":99,"train_loss":1.326781395618768,"val_loss":0.07130893146491582}