{"_wandb":{"runtime":715},"epoch":99,"train_loss":0.4727803541232541,"val_loss":0.06350861184830175,"_timestamp":1.7276785439298666e+09,"_runtime":715.984228082,"_step":99}