{"_wandb":{"runtime":621},"_runtime":621.351296592,"_step":99,"epoch":99,"train_loss":1.4680496652568369,"val_loss":0.07645618458964984,"_timestamp":1.7273003263943534e+09}