{"_runtime":621.463536286,"_step":99,"_wandb":{"runtime":621},"epoch":99,"train_loss":0.6538760767338181,"val_loss":0.056765704310116474,"_timestamp":1.7272946507719214e+09}