{"epoch":99,"train_loss":0.6101058069304468,"val_loss":0.05405458239041413,"_wandb":{"runtime":704},"_timestamp":1.7276545235679593e+09,"_runtime":704.209162028,"_step":99}