{"_timestamp":1.7272595847639983e+09,"_runtime":14.589366553,"_step":1,"_wandb":{"runtime":14},"epoch":1,"train_loss":0.48675772409710066,"val_loss":0.01767378733606592}