{"_runtime":625.548038996,"_step":99,"_wandb":{"runtime":625},"epoch":99,"train_loss":0.5076763246898822,"val_loss":0.0548160238886657,"_timestamp":1.7273236177418966e+09}