{"_runtime":29.797048018,"_wandb":{"runtime":36},"_step":3,"epoch":3,"train_loss":0.9826064126116101,"val_loss":0.08925965830255478,"_timestamp":1.7276452493112552e+09}