{"val_loss":0.06470667459190103,"_timestamp":1.7276683721245556e+09,"_runtime":711.327304187,"_step":99,"_wandb":{"runtime":711},"epoch":99,"train_loss":0.46451704184559894}