{"val_loss":0.05293900052091126,"_timestamp":1.7273792926295874e+09,"_runtime":625.630214777,"_step":99,"_wandb":{"runtime":625},"epoch":99,"train_loss":0.5238526996693624}