{"_wandb":{"runtime":701},"epoch":99,"train_loss":0.4594371334372783,"val_loss":0.06052871007184439,"_timestamp":1.7276114501408932e+09,"_runtime":701.541850182,"_step":99}