{"train_loss":0.5306596837278538,"val_loss":0.05501688002079912,"_timestamp":1.727318552944636e+09,"_wandb":{"runtime":623},"_runtime":623.945465324,"_step":99,"epoch":99}