{"_runtime":620.034011562,"_step":99,"_wandb":{"runtime":620},"epoch":99,"train_loss":0.5626675771705756,"val_loss":0.054771239989535044,"_timestamp":1.7273521255778005e+09}