{"val_loss":0.05428050278919036,"_timestamp":1.727648238525392e+09,"_runtime":1008.274309069,"_step":99,"epoch":99,"train_loss":0.6267685466949124,"_wandb":{"runtime":1008}}