{"train_loss":0.7072597431713511,"val_loss":0.058754736110238764,"_timestamp":1.7274204711755292e+09,"_wandb":{"runtime":625},"_runtime":625.056828572,"_step":99,"epoch":99}