{"val_loss":0.05457967556920036,"_timestamp":1.7273628579370825e+09,"_wandb":{"runtime":623},"_runtime":623.10459841,"_step":99,"epoch":99,"train_loss":0.5471188250422884}