{"_timestamp":1.7276142750273938e+09,"_wandb":{"runtime":695},"_runtime":695.738662564,"_step":99,"epoch":99,"train_loss":0.45563348955618604,"val_loss":0.05672334478932564}