{"_wandb":{"runtime":631},"_runtime":631.033364109,"_step":99,"epoch":99,"train_loss":0.514941503358932,"val_loss":0.05634009449840419,"_timestamp":1.7273458079124994e+09}