{"val_loss":0.06507870206903113,"_timestamp":1.7274406033993447e+09,"_runtime":1157.251076905,"_wandb":{"runtime":1157},"_step":99,"epoch":99,"train_loss":0.4541796983049538}