{"_runtime":706.492371533,"_step":99,"_wandb":{"runtime":706},"epoch":99,"train_loss":0.4816999140690901,"val_loss":0.07227630264389616,"_timestamp":1.7275745325909407e+09}