{"val_loss":13568.622783413448,"_timestamp":1.7275580023718207e+09,"_runtime":8.857161905,"_step":0,"epoch":0,"train_loss":17.71701912181906,"_wandb":{"runtime":12}}