{"_runtime":9.215173236,"_step":0,"_wandb":{"runtime":13},"epoch":0,"train_loss":69.29598658343772,"val_loss":47.12737863865517,"_timestamp":1.7275747511542563e+09}