{"_wandb":{"runtime":681},"_runtime":681.85327508,"_step":99,"epoch":99,"train_loss":0.614982532026363,"val_loss":0.053978360150792444,"_timestamp":1.7275686751424122e+09}