{"_timestamp":1.7272718742887244e+09,"_runtime":624.826579777,"_step":99,"_wandb":{"runtime":624},"epoch":99,"train_loss":1.0636457749910007,"val_loss":0.06582196487496893}