{"epoch":99,"train_loss":0.457368874541027,"_wandb":{"runtime":684},"val_loss":0.05777274761988395,"_timestamp":1.7275752242946258e+09,"_runtime":684.426270809,"_step":99}