{"train_loss":0.516069255098722,"_wandb":{"runtime":702},"val_loss":0.053764259736336716,"_timestamp":1.7276427662761197e+09,"_runtime":701.991192311,"_step":99,"epoch":99}