{"epoch":99,"train_loss":0.6201468554822505,"val_loss":0.05527762216767647,"_timestamp":1.7276621473915129e+09,"_runtime":710.346206502,"_wandb":{"runtime":710},"_step":99}