{"_wandb":{"runtime":20},"epoch":1,"train_loss":94.34040649323322,"val_loss":412.9269104921783,"_timestamp":1.7275588368592827e+09,"_runtime":16.208547699,"_step":1}