{"_timestamp":1.7276227761645026e+09,"_runtime":701.994276779,"_step":99,"epoch":99,"train_loss":0.5785170300512921,"val_loss":0.05573829353619897,"_wandb":{"runtime":702}}