{"_step":0,"epoch":0,"train_loss":56.853962074684674,"val_loss":9.173422605247103,"_wandb":{"runtime":12},"_timestamp":1.7275527652493908e+09,"_runtime":8.966493579}