{"_step":99,"_wandb":{"runtime":716},"epoch":99,"train_loss":0.4488417640462138,"val_loss":0.06326080409160065,"_timestamp":1.7276178146043553e+09,"_runtime":716.006181469}