{"val_loss":10.211002961699,"_timestamp":1.727582883028299e+09,"_runtime":29.731547395,"_wandb":{"runtime":36},"_step":3,"epoch":3,"train_loss":1.3971469990968013}