{"train_loss":1.2011787081926772,"val_loss":0.07054105735859245,"_wandb":{"runtime":624},"_timestamp":1.7272807613552525e+09,"_runtime":624.292136963,"_step":99,"epoch":99}