{"_step":99,"epoch":99,"_wandb":{"runtime":15927},"train_loss":1.5667653091690514,"val_loss":0.08398989121569728,"_timestamp":1.7283850845354865e+09,"_runtime":15927.263385883}