{"train_loss":45.1379356334975,"val_loss":28.413825158844148,"_timestamp":1.7275550290404022e+09,"_runtime":9.108252779,"_step":0,"_wandb":{"runtime":13},"epoch":0}