{"_runtime":631.621734681,"_step":99,"_wandb":{"runtime":631},"epoch":99,"train_loss":0.7741508370506894,"val_loss":0.06042414077083674,"_timestamp":1.7272959171426558e+09}