{"epoch":5,"train_loss":0.5194455650423481,"val_loss":0.017161463517007768,"_wandb":{"runtime":42},"_timestamp":1.727255409645691e+09,"_runtime":40.795857984,"_step":5}