{"epoch":99,"train_loss":1.384446481552304,"val_loss":0.07592263318371373,"_timestamp":1.7283546918619008e+09,"_runtime":15904.991253721,"_wandb":{"runtime":15905},"_step":99}