{"_timestamp":1.7272630401981528e+09,"_runtime":624.625555847,"_step":99,"_wandb":{"runtime":624},"epoch":99,"train_loss":0.5733887715730945,"val_loss":0.05548886731472623}