{"_step":1,"epoch":1,"train_loss":2.4624776763997325,"val_loss":0.08133422530725956,"_wandb":{"runtime":22},"_timestamp":1.7275605048222384e+09,"_runtime":15.964497365}