{"_wandb":{"runtime":15777},"train_loss":0.6781660347732915,"val_loss":0.05409158507606687,"_timestamp":1.728355387159152e+09,"_runtime":15777.456501464,"_step":99,"epoch":99}