{"epoch":99,"train_loss":0.4629092993974807,"val_loss":0.05568008564084827,"_wandb":{"runtime":717},"_timestamp":1.7276438063987513e+09,"_runtime":717.83670849,"_step":99}