{"_wandb":{"runtime":621},"_step":99,"epoch":99,"train_loss":0.7342477810878523,"val_loss":0.06309817760634528,"_timestamp":1.7274077738388386e+09,"_runtime":621.623231294}