{"_timestamp":1.7276659936052725e+09,"_runtime":708.771270394,"_step":99,"epoch":99,"train_loss":0.6717851398765287,"val_loss":0.06214772197915572,"_wandb":{"runtime":708}}