{"val_loss":0.06665588512004435,"_wandb":{"runtime":620},"_timestamp":1.727376130811244e+09,"_runtime":620.745398434,"_step":99,"epoch":99,"train_loss":0.8203748399091151}