{"train_loss":0.47534841671950356,"_wandb":{"runtime":700},"val_loss":0.06347703901049936,"_timestamp":1.7276064790438588e+09,"_runtime":700.06154527,"_step":99,"epoch":99}