{"_wandb":{"runtime":713},"epoch":99,"train_loss":0.4601204142768237,"val_loss":0.06651158413641506,"_timestamp":1.727655306227375e+09,"_runtime":713.79700296,"_step":99}