{"train_loss":0.7623737196874902,"val_loss":0.05999065507727607,"_timestamp":1.7274320467414584e+09,"_runtime":817.887772545,"_wandb":{"runtime":817},"_step":99,"epoch":99}