{"_runtime":717.829160935,"_wandb":{"runtime":717},"_step":99,"epoch":99,"train_loss":0.6326087247668468,"val_loss":0.05656382858282333,"_timestamp":1.7276696914866958e+09}