{"_step":99,"_wandb":{"runtime":708},"epoch":99,"train_loss":2.6517970433446765,"val_loss":0.09046544202528953,"_timestamp":1.7276628765837967e+09,"_runtime":708.327359269}