{"_wandb":{"runtime":688},"_step":99,"epoch":99,"train_loss":0.4579385153448399,"val_loss":0.05900184562421062,"_timestamp":1.7275674991379228e+09,"_runtime":688.988297128}