{"_wandb":{"runtime":698},"_step":99,"epoch":99,"train_loss":0.4557856110204964,"val_loss":0.06481141830346007,"_timestamp":1.7275476837538857e+09,"_runtime":698.51106396}