{"_wandb":{"runtime":697},"epoch":99,"train_loss":0.44878112093299444,"val_loss":0.06542627405003201,"_timestamp":1.7275738182718296e+09,"_runtime":697.020622078,"_step":99}