{"train_loss":0.7005743691983232,"val_loss":0.057644145151262274,"_timestamp":1.7273622262424455e+09,"_runtime":626.534932442,"_wandb":{"runtime":626},"_step":99,"epoch":99}