{"_wandb":{"runtime":714},"_step":99,"epoch":99,"train_loss":0.45073888639210186,"val_loss":0.06025938812771031,"_timestamp":1.727665517998176e+09,"_runtime":714.243713309}