{"epoch":99,"train_loss":0.4527824885170599,"val_loss":0.06409694895672717,"_wandb":{"runtime":703},"_timestamp":1.7276008173232422e+09,"_runtime":703.407259061,"_step":99}