{"_runtime":691.142541237,"_step":99,"_wandb":{"runtime":691},"epoch":99,"train_loss":0.4999865376145191,"val_loss":0.051123091429003356,"_timestamp":1.7276186192622545e+09}