{"_timestamp":1.727374873217387e+09,"_runtime":621.201938794,"_wandb":{"runtime":621},"_step":99,"epoch":99,"train_loss":0.533568370172612,"val_loss":0.054676011146940706}