{"val_loss":0.05267703936644064,"_timestamp":1.7285422272638729e+09,"_runtime":3317.822470153,"_step":99,"epoch":99,"train_loss":0.5699169194360718,"_wandb":{"runtime":3317}}