{"_runtime":696.032007405,"_step":99,"epoch":99,"train_loss":0.45217563524137383,"val_loss":0.05961494106150865,"_timestamp":1.7275547944032145e+09,"_wandb":{"runtime":696}}