{"_wandb":{"runtime":706},"train_loss":0.4521293727119083,"val_loss":0.0655661519038688,"_timestamp":1.7276295396435218e+09,"_runtime":706.961117579,"_step":99,"epoch":99}