{"val_loss":0.0524477768612768,"_timestamp":1.7273742406610587e+09,"_runtime":621.608725635,"_wandb":{"runtime":621},"_step":99,"epoch":99,"train_loss":0.5136523693047339}