{"_step":0,"epoch":0,"_wandb":{"runtime":12},"train_loss":40.00895336054253,"val_loss":6.547211638059373,"_timestamp":1.727590607907384e+09,"_runtime":8.825355689}