{"_runtime":705.826684057,"_step":99,"_wandb":{"runtime":705},"epoch":99,"train_loss":0.46533552603363343,"val_loss":0.07244903574492537,"_timestamp":1.7275836556959434e+09}