{"_timestamp":1.7276164545470319e+09,"_runtime":690.90202472,"_step":99,"_wandb":{"runtime":690},"epoch":99,"train_loss":0.5974430417951092,"val_loss":0.0530726314409348}