{"_timestamp":1.727619734731506e+09,"_runtime":14.305387049,"_step":0,"epoch":0,"train_loss":71.542182659976,"_wandb":{"runtime":26},"val_loss":0.1789950758185757}