{"_step":0,"epoch":0,"train_loss":39.511389407628435,"_wandb":{"runtime":13},"val_loss":3.289104050122951,"_timestamp":1.7276120498575962e+09,"_runtime":9.685313213}