{"_runtime":686.796916746,"_step":99,"epoch":99,"train_loss":0.4715489393803944,"_wandb":{"runtime":686},"val_loss":0.07363195697550856,"_timestamp":1.7276287805233774e+09}