{"_wandb":{"runtime":14},"train_loss":16.357251837124736,"val_loss":18.276561143096863,"_timestamp":1.7275620253729699e+09,"_runtime":9.852869881,"_step":0,"epoch":0}