{"val_loss":0.017423657338815506,"_timestamp":1.727260121354188e+09,"_runtime":14.877642007,"_step":1,"epoch":1,"train_loss":0.4726650271776559,"_wandb":{"runtime":14}}