{"val_loss":0.059496668726562264,"_timestamp":1.7276810997957652e+09,"_wandb":{"runtime":710},"_runtime":710.029021253,"_step":99,"epoch":99,"train_loss":0.7326949972116665}