{"_runtime":623.456002575,"_step":99,"_wandb":{"runtime":623},"epoch":99,"train_loss":0.5198295608628026,"val_loss":0.05471397359385187,"_timestamp":1.7274014549749181e+09}