{"_timestamp":1.7273917632691824e+09,"_runtime":808.981801664,"_step":99,"epoch":99,"_wandb":{"runtime":808},"train_loss":0.7556257076445708,"val_loss":0.06150071900684824}