{"train_loss":0.6199944290404894,"val_loss":0.0537969540729278,"_timestamp":1.727368566450249e+09,"_runtime":624.791698068,"_wandb":{"runtime":624},"_step":99,"epoch":99}