{"_runtime":710.601687381,"_step":99,"epoch":99,"train_loss":0.4611316351540932,"val_loss":0.0664013432960898,"_wandb":{"runtime":710},"_timestamp":1.7276676531876087e+09}