{"_step":99,"_wandb":{"runtime":701},"epoch":99,"train_loss":0.6907062339959716,"val_loss":0.057806244111179066,"_timestamp":1.7276803085116074e+09,"_runtime":701.391046558}