{"train_loss":0.45156072407992387,"val_loss":0.059964457381591105,"_timestamp":1.7275625277514656e+09,"_runtime":704.2402131,"_step":99,"_wandb":{"runtime":704},"epoch":99}