{"train_loss":1.5718115724265764,"val_loss":0.08493712071781506,"_timestamp":1.7282917434350226e+09,"_wandb":{"runtime":15993},"_runtime":15993.848230227,"_step":99,"epoch":99}