{"_step":99,"epoch":99,"train_loss":0.6197169944112331,"val_loss":0.06071764961509714,"_timestamp":1.7275519154410205e+09,"_runtime":701.041117994,"_wandb":{"runtime":701}}