{"_step":99,"_wandb":{"runtime":627},"epoch":99,"train_loss":1.0898216889229755,"val_loss":0.0681917026733951,"_timestamp":1.7274065120153604e+09,"_runtime":627.63784276}