{"_timestamp":1.7273274091779726e+09,"_runtime":624.463828507,"_step":99,"epoch":99,"_wandb":{"runtime":624},"train_loss":0.822884006030552,"val_loss":0.06676502899633234}