{"train_loss":0.8640021243304686,"val_loss":0.05767904742822604,"_timestamp":1.7282435415007675e+09,"_runtime":15876.3311662,"_step":99,"_wandb":{"runtime":15876},"epoch":99}