{"_step":99,"epoch":99,"_wandb":{"runtime":621},"train_loss":0.6098743900363524,"val_loss":0.05649262533459991,"_timestamp":1.7274033415463428e+09,"_runtime":621.222482967}