{"_step":1,"epoch":1,"train_loss":2.3881564362127508,"val_loss":2.7754669339955613e+21,"_timestamp":1.7276849933554454e+09,"_runtime":15.997833545,"_wandb":{"runtime":23}}