{"val_loss":0.0816392352604782,"_timestamp":1.7284020432582743e+09,"_runtime":4670.515428102,"_step":99,"_wandb":{"runtime":4670},"epoch":99,"train_loss":1.5371911138795566}