{"_step":99,"epoch":99,"train_loss":0.5041421987153132,"val_loss":0.053162510897568266,"_timestamp":1.727331198602798e+09,"_runtime":624.254755454,"_wandb":{"runtime":624}}