{"_step":99,"epoch":99,"train_loss":0.45579693025721557,"val_loss":0.07532145980457619,"_wandb":{"runtime":697},"_timestamp":1.7275660915263314e+09,"_runtime":697.57221119}