{"_timestamp":1.727619642635739e+09,"_runtime":897.311044503,"_step":99,"epoch":99,"train_loss":2.6517970439686214,"_wandb":{"runtime":897},"val_loss":0.09046544202528836}