{"train_loss":0.453239381452199,"_wandb":{"runtime":703},"val_loss":0.05465541627014462,"_timestamp":1.7276531476496649e+09,"_runtime":703.178057356,"_step":99,"epoch":99}