{"_wandb":{"runtime":710},"val_loss":0.05208985729010436,"_timestamp":1.7275470959073393e+09,"_runtime":710.443452839,"_step":99,"epoch":99,"train_loss":0.6012566640261235}