{"_timestamp":1.727412875200709e+09,"_runtime":624.223449407,"_wandb":{"runtime":624},"_step":99,"epoch":99,"train_loss":0.5691354011921228,"val_loss":0.055014749633677945}