{"val_loss":0.07268519173841874,"_wandb":{"runtime":621},"_timestamp":1.7273780226438313e+09,"_runtime":621.928718362,"_step":99,"epoch":99,"train_loss":1.4172258615951723}