{"_runtime":621.135779496,"_step":99,"_wandb":{"runtime":621},"epoch":99,"train_loss":1.4049394395129886,"val_loss":0.07509347916168371,"_timestamp":1.7273009540722125e+09}