{"_wandb":{"runtime":313},"epoch":43,"train_loss":0.9357808654915628,"val_loss":0.05178488561112739,"_timestamp":1.7275474356022625e+09,"_runtime":306.479943703,"_step":43}