{"epoch":1,"train_loss":51.63733342562563,"val_loss":0.1936555929463651,"_timestamp":1.7276405038155355e+09,"_runtime":15.954903689,"_step":1,"_wandb":{"runtime":19}}