{"_step":99,"epoch":99,"train_loss":0.7444400777435751,"_wandb":{"runtime":630},"val_loss":0.06506777424457133,"_timestamp":1.7273786604406734e+09,"_runtime":630.441577376}