{"_timestamp":1.7273832636407588e+09,"_runtime":622.16885786,"_step":99,"_wandb":{"runtime":622},"epoch":99,"train_loss":0.6219616522512622,"val_loss":0.05538254813927862}