{"train_loss":0.5207236554988309,"val_loss":0.05613512576522808,"_timestamp":1.7276834015394723e+09,"_runtime":695.147190896,"_wandb":{"runtime":695},"_step":99,"epoch":99}