{"epoch":99,"_wandb":{"runtime":618},"train_loss":0.5785213384982609,"val_loss":0.05331666761589088,"_timestamp":1.7273989290952518e+09,"_runtime":618.608440348,"_step":99}