{"epoch":99,"train_loss":0.7352338461027254,"val_loss":0.0626429596206307,"_timestamp":1.727302843772002e+09,"_runtime":621.460764498,"_step":99,"_wandb":{"runtime":621}}