{"_timestamp":1.7282117898996947e+09,"_runtime":15851.105843678,"_step":99,"_wandb":{"runtime":15851},"epoch":99,"train_loss":0.7669428802592634,"val_loss":0.05646375245530007}