{"_runtime":84.495755897,"_wandb":{"runtime":94},"_step":7,"epoch":7,"train_loss":3.0404487110562255,"val_loss":42.10414190048654,"_timestamp":1.727648367646805e+09}