{"val_loss":0.060605124184164985,"_timestamp":1.7281784499016912e+09,"_runtime":15685.187987348,"_step":99,"_wandb":{"runtime":15685},"epoch":99,"train_loss":1.0652228607480747}