{"_runtime":705.354781288,"_step":99,"_wandb":{"runtime":705},"epoch":99,"train_loss":0.4623410937490848,"val_loss":0.05396920949616825,"_timestamp":1.7276706303890667e+09}