{"_runtime":627.380331359,"_step":99,"epoch":99,"train_loss":0.595972730618578,"_wandb":{"runtime":627},"val_loss":0.054192398567127056,"_timestamp":1.727379927368208e+09}