{"_wandb":{"runtime":37},"epoch":3,"train_loss":1.545587136287455,"val_loss":3.720453716201976e+61,"_timestamp":1.7275709974310472e+09,"_runtime":30.312184833,"_step":3}