{"_wandb":{"runtime":53},"epoch":5,"train_loss":0.9070683398751284,"val_loss":1.765175602358673,"_timestamp":1.7276698974679954e+09,"_runtime":46.229027338,"_step":5}