{"_wandb":{"runtime":3321},"_runtime":3321.561919775,"_step":99,"epoch":99,"train_loss":0.7413874267843492,"val_loss":0.05427371120424184,"_timestamp":1.7285255697411513e+09}