{"val_loss":7.27483213869894,"_timestamp":1.7276803381578288e+09,"_wandb":{"runtime":13},"_runtime":8.836173452,"_step":0,"epoch":0,"train_loss":36.46636767214547}