{"train_loss":0.45442452113973747,"val_loss":0.06586772569625303,"_timestamp":1.7276395257400184e+09,"_wandb":{"runtime":710},"_runtime":710.368443279,"_step":99,"epoch":99}