{"_timestamp":1.727297177911409e+09,"_runtime":624.510165416,"_step":99,"epoch":99,"train_loss":0.5884972774936446,"val_loss":0.05751496252054058,"_wandb":{"runtime":624}}