{"val_loss":0.0519580079570254,"_timestamp":1.7273337320400991e+09,"_runtime":627.243540323,"_step":99,"_wandb":{"runtime":627},"epoch":99,"train_loss":0.5304219556956875}