{"epoch":99,"train_loss":0.7141461656974573,"val_loss":0.059948425319716,"_timestamp":1.727347072632162e+09,"_runtime":625.016118094,"_wandb":{"runtime":625},"_step":99}