{"_runtime":705.843285217,"_step":99,"_wandb":{"runtime":705},"epoch":99,"train_loss":2.651797013353182,"val_loss":0.0904654397967815,"_timestamp":1.7276098671619384e+09}