{"_timestamp":1.7282436971570852e+09,"_runtime":15996.086261618,"_step":99,"epoch":99,"train_loss":1.1372134243033456,"val_loss":0.06641472050209607,"_wandb":{"runtime":15996}}