{"_timestamp":1.7276806844510345e+09,"_runtime":700.603275414,"_step":99,"_wandb":{"runtime":700},"epoch":99,"train_loss":0.45611346155832166,"val_loss":0.061437077767943805}