{"_step":1,"epoch":1,"_wandb":{"runtime":20},"train_loss":83.05950318892685,"val_loss":5.745180128147276,"_timestamp":1.7275589120648236e+09,"_runtime":16.077993582}