{"epoch":99,"train_loss":0.5381927537146722,"val_loss":0.05844866462290388,"_timestamp":1.7276643729393554e+09,"_wandb":{"runtime":709},"_runtime":709.278184638,"_step":99}