{"val_loss":0.05389991701775933,"_timestamp":1.7273147636830633e+09,"_runtime":622.824922312,"_step":99,"epoch":99,"train_loss":0.5664059287445226,"_wandb":{"runtime":622}}