{"_wandb":{"runtime":625},"epoch":99,"train_loss":1.3026578402768048,"val_loss":0.07251902461780213,"_timestamp":1.727347704581441e+09,"_runtime":625.41966197,"_step":99}