{"train_loss":0.4530702612321333,"_wandb":{"runtime":709},"val_loss":0.06287220057873114,"_timestamp":1.7275993964037476e+09,"_runtime":709.534795923,"_step":99,"epoch":99}