{"train_loss":7.087244649991261,"val_loss":0.10088322185337771,"_timestamp":1.727612069809567e+09,"_runtime":9.3614542,"_step":0,"epoch":0,"_wandb":{"runtime":16}}