{"_wandb":{"runtime":697},"epoch":99,"train_loss":0.46857926874566547,"val_loss":0.07941836994488707,"_timestamp":1.7275780667440453e+09,"_runtime":697.809219625,"_step":99}