{"epoch":99,"train_loss":0.45440561802175805,"val_loss":0.0673199672177097,"_wandb":{"runtime":709},"_timestamp":1.727578783240684e+09,"_runtime":709.011109799,"_step":99}