{"_step":99,"epoch":99,"train_loss":0.45319959705147245,"_wandb":{"runtime":696},"val_loss":0.06795060200006403,"_timestamp":1.7275759283543046e+09,"_runtime":696.134802011}