{"_timestamp":1.7275891271380098e+09,"_runtime":8.937648231,"_step":0,"_wandb":{"runtime":12},"epoch":0,"train_loss":46.110784955396134,"val_loss":21.604555254282765}