{"val_loss":0.05452366476322489,"_timestamp":1.7273255138395333e+09,"_runtime":626.391824388,"_step":99,"_wandb":{"runtime":626},"epoch":99,"train_loss":0.5487909536913401}