{"val_loss":0.061195584833351864,"_timestamp":1.7276412981060503e+09,"_runtime":717.36738721,"_wandb":{"runtime":717},"_step":99,"epoch":99,"train_loss":0.8050373397425631}