{"_step":99,"epoch":99,"train_loss":0.5962578552388014,"val_loss":0.05195513906321167,"_timestamp":1.7272662046379008e+09,"_wandb":{"runtime":622},"_runtime":622.091380785}