{"epoch":99,"train_loss":0.628003895049301,"val_loss":0.0548114654404282,"_timestamp":1.7273514985902734e+09,"_runtime":630.910829054,"_step":99,"_wandb":{"runtime":630}}