{"_timestamp":1.7275979191425037e+09,"_wandb":{"runtime":688},"_runtime":688.043861326,"_step":99,"epoch":99,"train_loss":0.6572212268959224,"val_loss":0.05840893225905355}