{"train_loss":0.47233644760549626,"val_loss":0.07203207420652939,"_timestamp":1.727557623107174e+09,"_wandb":{"runtime":698},"_runtime":698.031932298,"_step":99,"epoch":99}