{"_runtime":36.943779893,"_step":4,"_wandb":{"runtime":41},"epoch":4,"train_loss":83.80815128459123,"val_loss":1255.5787622760242,"_timestamp":1.7275604641480737e+09}