{"_step":99,"epoch":99,"train_loss":0.570023533379082,"val_loss":0.05385253577624296,"_timestamp":1.7276507770424213e+09,"_runtime":692.176820318,"_wandb":{"runtime":692}}