{"_runtime":44.365599316,"_step":5,"epoch":5,"train_loss":5.58082980531333,"val_loss":35.93923521917987,"_wandb":{"runtime":48},"_timestamp":1.7276397129683626e+09}