{"epoch":99,"train_loss":0.6878343480399616,"val_loss":0.05793460733519569,"_timestamp":1.7272788573246047e+09,"_wandb":{"runtime":627},"_runtime":627.398992381,"_step":99}