{"_wandb":{"runtime":695},"val_loss":0.05222484395893491,"_timestamp":1.7275806720237865e+09,"_runtime":695.169064198,"_step":99,"epoch":99,"train_loss":0.6106632598524694}