{"_timestamp":1.7275526645420525e+09,"_runtime":709.476665384,"_step":99,"epoch":99,"train_loss":0.45267226683830325,"val_loss":0.06425311184426878,"_wandb":{"runtime":709}}