{"_timestamp":1.7276031266354768e+09,"_runtime":693.664544476,"_wandb":{"runtime":693},"_step":99,"epoch":99,"train_loss":0.4857307318316559,"val_loss":0.05263512991036623}