{"_timestamp":1.7284721759499857e+09,"_runtime":3465.587945274,"_step":99,"epoch":99,"train_loss":1.5216804089631726,"val_loss":0.08181696201169034,"_wandb":{"runtime":3465}}