{"epoch":0,"train_loss":37.343363495551024,"val_loss":120.66805104795891,"_timestamp":1.7275905875510752e+09,"_runtime":9.373986853,"_step":0,"_wandb":{"runtime":13}}