{"val_loss":0.05594090533931934,"_wandb":{"runtime":15734},"_timestamp":1.7281480948325014e+09,"_runtime":15734.847365379,"_step":99,"epoch":99,"train_loss":0.7369260441670893}