{"_runtime":708.376638517,"_step":99,"_wandb":{"runtime":708},"epoch":99,"train_loss":0.5180822762207831,"val_loss":0.05379488544992522,"_timestamp":1.727635301167107e+09}