{"_wandb":{"runtime":697},"epoch":99,"train_loss":0.4972987455437271,"val_loss":0.05429322142315536,"_timestamp":1.7275898483344991e+09,"_runtime":697.168394454,"_step":99}