{"_wandb":{"runtime":135},"epoch":17,"train_loss":2.5579967377210946,"val_loss":0.08673865892460737,"_timestamp":1.727679566452439e+09,"_runtime":131.532948012,"_step":17}