{"train_loss":0.7483063901539132,"val_loss":0.062272930096892776,"_wandb":{"runtime":627},"_timestamp":1.727350232235258e+09,"_runtime":627.327051665,"_step":99,"epoch":99}