{"_timestamp":1.728412680814551e+09,"_wandb":{"runtime":3536},"_runtime":3536.154209415,"_step":99,"epoch":99,"train_loss":0.9519756288878254,"val_loss":0.06359187364807964}