{"val_loss":0.05478426285158804,"_timestamp":1.7284162059652748e+09,"_runtime":3518.571171841,"_step":99,"_wandb":{"runtime":3518},"epoch":99,"train_loss":0.6112345155681854}