{"_step":99,"_wandb":{"runtime":625},"epoch":99,"train_loss":1.278013541005649,"val_loss":0.0696577938806568,"_timestamp":1.727417933012401e+09,"_runtime":625.581787176}