{"_timestamp":1.7275590180662234e+09,"_runtime":700.263337369,"_wandb":{"runtime":700},"_step":99,"epoch":99,"train_loss":0.45833385012694855,"val_loss":0.07226667646809616}