{"_timestamp":1.7275717398763525e+09,"_runtime":9.000312412,"_wandb":{"runtime":12},"_step":0,"epoch":0,"train_loss":69.6655284600753,"val_loss":197.95930501642863}