{"train_loss":0.9033310331109826,"val_loss":0.0620857541279379,"_timestamp":1.7282917364592173e+09,"_runtime":16119.750800271,"_step":99,"_wandb":{"runtime":16119},"epoch":99}