{"_step":99,"epoch":99,"train_loss":0.5651012539145022,"val_loss":0.052426119748215975,"_timestamp":1.7272965462851648e+09,"_wandb":{"runtime":621},"_runtime":621.918215776}