{"val_loss":0.05484969449171894,"_timestamp":1.728532244092153e+09,"_wandb":{"runtime":3329},"_runtime":3329.172993609,"_step":99,"epoch":99,"train_loss":0.7072192783983071}