{"val_loss":0.055339327585493744,"_timestamp":1.7276537794824674e+09,"_runtime":705.865607703,"_step":99,"_wandb":{"runtime":705},"epoch":99,"train_loss":0.639684219455188}