{"_step":4,"_wandb":{"runtime":43},"epoch":4,"train_loss":1.1733934667533408,"val_loss":0.13958800872887547,"_timestamp":1.7275883491811976e+09,"_runtime":36.380350506}