{"val_loss":0.07552310760836799,"_wandb":{"runtime":693},"_timestamp":1.7276271066349738e+09,"_runtime":693.325236231,"_step":99,"epoch":99,"train_loss":0.862515052695846}