{"epoch":99,"_wandb":{"runtime":707},"train_loss":0.462097730125867,"val_loss":0.0591512859976646,"_timestamp":1.7276626487556338e+09,"_runtime":707.454261254,"_step":99}