{"_wandb":{"runtime":710},"_runtime":710.089913319,"_step":99,"epoch":99,"train_loss":0.4636730273831643,"val_loss":0.06736140935044962,"_timestamp":1.7276515080840049e+09}