{"train_loss":1.0543039676541448,"val_loss":0.06075025891167696,"_timestamp":1.7283702409188242e+09,"_runtime":15787.396410776,"_step":99,"epoch":99,"_wandb":{"runtime":15787}}