{"_step":99,"epoch":99,"train_loss":0.4573773266210088,"val_loss":0.06177388217048246,"_timestamp":1.72744547651673e+09,"_wandb":{"runtime":646},"_runtime":646.282279338}