{"val_loss":0.0904654365505595,"_timestamp":1.727636023077076e+09,"_wandb":{"runtime":701},"_runtime":701.923941336,"_step":99,"epoch":99,"train_loss":2.651797062965664}