{"train_loss":31.467908611273458,"val_loss":11.445190357290906,"_timestamp":1.727681191554764e+09,"_wandb":{"runtime":13},"_runtime":9.135874953,"_step":0,"epoch":0}