{"epoch":99,"_wandb":{"runtime":704},"train_loss":0.4607458528119418,"val_loss":0.05797756758154242,"_timestamp":1.7276538595388217e+09,"_runtime":704.584053557,"_step":99}