{"_timestamp":1.7276691045854764e+09,"_runtime":708.387610681,"_wandb":{"runtime":708},"_step":99,"epoch":99,"train_loss":0.45234018067280185,"val_loss":0.056548319540608044}