{"_wandb":{"runtime":708},"_timestamp":1.7276756596712732e+09,"_runtime":708.733635869,"_step":99,"epoch":99,"train_loss":0.6165869317796379,"val_loss":0.05382077806125595}