{"_timestamp":1.7276404435050614e+09,"_runtime":688.067597443,"_wandb":{"runtime":688},"_step":99,"epoch":99,"train_loss":0.7011611192487265,"val_loss":0.06213893538713541}