{"epoch":99,"train_loss":0.5192920316606231,"val_loss":0.055225953412996215,"_timestamp":1.7273964224901798e+09,"_runtime":618.007744382,"_wandb":{"runtime":618},"_step":99}