{"train_loss":0.4675807573017505,"val_loss":0.07360153628728713,"_timestamp":1.7276604034565802e+09,"_runtime":1020.56976675,"_step":99,"_wandb":{"runtime":1020},"epoch":99}