{"_timestamp":1.727670422746304e+09,"_runtime":9.027462698,"_step":0,"epoch":0,"train_loss":27.139856176721214,"val_loss":38.879002226870575,"_wandb":{"runtime":13}}