{"_wandb":{"runtime":712},"_timestamp":1.727553502955662e+09,"_runtime":712.592479506,"_step":99,"epoch":99,"train_loss":2.651797043344658,"val_loss":0.09046544202528953}