{"_wandb":{"runtime":704},"_timestamp":1.7276434773249905e+09,"_runtime":704.318286761,"_step":99,"epoch":99,"train_loss":0.46208692347920616,"val_loss":0.05850559775995551}