{"val_loss":0.05874863306946936,"_timestamp":1.7274328782520907e+09,"_runtime":822.056478501,"_step":99,"_wandb":{"runtime":822},"epoch":99,"train_loss":0.714282556254959}