{"_step":99,"epoch":99,"train_loss":0.8676487274771854,"val_loss":0.05608192359728066,"_timestamp":1.7283235794882786e+09,"_wandb":{"runtime":15938},"_runtime":15938.211082431}