{"_step":99,"epoch":99,"train_loss":1.5447906564612282,"val_loss":0.08022697679269628,"_timestamp":1.7274084071029713e+09,"_wandb":{"runtime":625},"_runtime":625.929029836}