{"_timestamp":1.7275731591872566e+09,"_runtime":607.165267285,"_step":88,"_wandb":{"runtime":611},"epoch":88,"train_loss":2.5616239357831714,"val_loss":0.08719176199200626}