{"_step":99,"epoch":99,"_wandb":{"runtime":834},"train_loss":0.5913367657930868,"val_loss":0.05491888726294712,"_timestamp":1.7274337213204708e+09,"_runtime":834.134264975}