{"_timestamp":1.727338163464097e+09,"_wandb":{"runtime":623},"_runtime":623.461882282,"_step":99,"epoch":99,"train_loss":0.8780190080749865,"val_loss":0.06355751408423552}