{"epoch":99,"train_loss":1.5946719271237606,"_wandb":{"runtime":619},"val_loss":0.08455597416938714,"_timestamp":1.7273097348240132e+09,"_runtime":619.3164752,"_step":99}