{"_timestamp":1.7275944380915902e+09,"_runtime":691.513191325,"_step":99,"_wandb":{"runtime":691},"epoch":99,"train_loss":0.46154774455560316,"val_loss":0.06545404975565028}