{"_wandb":{"runtime":701},"train_loss":0.5390500166647755,"val_loss":0.05746716901863011,"_timestamp":1.7276523069295292e+09,"_runtime":701.860070826,"_step":99,"epoch":99}