{"_timestamp":1.7274141424638937e+09,"_runtime":621.752951717,"_step":99,"epoch":99,"train_loss":1.0817138828818844,"val_loss":0.06778195288451744,"_wandb":{"runtime":621}}