{"train_loss":0.5014668161784225,"_wandb":{"runtime":625},"val_loss":0.05218235615447821,"_timestamp":1.7272839239756062e+09,"_runtime":625.535685148,"_step":99,"epoch":99}