{"_timestamp":1.7273128718322518e+09,"_runtime":621.259033701,"_step":99,"epoch":99,"train_loss":0.5179873947931574,"_wandb":{"runtime":621},"val_loss":0.056088037093089585}