{"_wandb":{"runtime":713},"train_loss":0.448544399669922,"val_loss":0.06230304892407254,"_timestamp":1.7276380937251666e+09,"_runtime":713.55093825,"_step":99,"epoch":99}