{"_timestamp":1.7275635438881457e+09,"_runtime":709.755520633,"_step":99,"_wandb":{"runtime":709},"epoch":99,"train_loss":0.5967221921163228,"val_loss":0.05393779279018783}