{"_wandb":{"runtime":3549},"val_loss":0.060810943322977276,"_timestamp":1.7284056016530144e+09,"_runtime":3549.059226431,"_step":99,"epoch":99,"train_loss":0.8968775772103329}