{"_step":99,"epoch":99,"train_loss":0.4514111978162463,"val_loss":0.061776872897110105,"_wandb":{"runtime":687},"_timestamp":1.7276185100754924e+09,"_runtime":687.269508163}